"gwno","country","minyear1","maxyear1","minyear2","maxyear2","ccode","ifscode","ifs","gwabbrev","gwname"
2,"usa",-9999,9999,-9999,9999,2,111,"USA","USA","United States of America"
2,"unitedstates",-9999,9999,-9999,9999,2,111,"USA","USA","United States of America"
2,"unitedstatesofamerica",-9999,9999,-9999,9999,2,111,"USA","USA","United States of America"
2,"unitedstatesamerica",-9999,9999,-9999,9999,2,111,"USA","USA","United States of America"
2,"us",-9999,9999,-9999,9999,2,111,"USA","USA","United States of America"
20,"can",-9999,9999,-9999,9999,20,156,"CAN","CAN","Canada"
20,"canada",-9999,9999,-9999,9999,20,156,"CAN","CAN","Canada"
31,"bahamas",-9999,9999,-9999,9999,31,313,"BHS","BHM","Bahamas"
31,"bahamasthe",-9999,9999,-9999,9999,31,313,"BHS","BHM","Bahamas"
31,"bhs",-9999,9999,-9999,9999,31,313,"BHS","BHM","Bahamas"
31,"thebahamas",-9999,9999,-9999,9999,31,313,"BHS","BHM","Bahamas"
40,"cub",-9999,9999,-9999,9999,40,928,"CUB","CUB","Cuba"
40,"cuba",-9999,9999,-9999,9999,40,928,"CUB","CUB","Cuba"
41,"haiti",-9999,9999,-9999,9999,41,263,"HTI","HAI","Haiti"
41,"hti",-9999,9999,-9999,9999,41,263,"HTI","HAI","Haiti"
42,"dom",-9999,9999,-9999,9999,42,243,"DOM","DOM","Dominican Republic"
42,"domrep",-9999,9999,-9999,9999,42,243,"DOM","DOM","Dominican Republic"
42,"dominrep",-9999,9999,-9999,9999,42,243,"DOM","DOM","Dominican Republic"
42,"dominicanrep",-9999,9999,-9999,9999,42,243,"DOM","DOM","Dominican Republic"
42,"dominicanrepublic",-9999,9999,-9999,9999,42,243,"DOM","DOM","Dominican Republic"
42,"santodomin",-9999,9999,-9999,9999,42,243,"DOM","DOM","Dominican Republic"
51,"jam",-9999,9999,-9999,9999,51,343,"JAM","JAM","Jamaica"
51,"jamaica",-9999,9999,-9999,9999,51,343,"JAM","JAM","Jamaica"
52,"trintobag",-9999,9999,-9999,9999,52,369,"TTO","TRI","Trinidad and Tobago"
52,"trintob",-9999,9999,-9999,9999,52,369,"TTO","TRI","Trinidad and Tobago"
52,"trinidad",-9999,9999,-9999,9999,52,369,"TTO","TRI","Trinidad and Tobago"
52,"trinidadt",-9999,9999,-9999,9999,52,369,"TTO","TRI","Trinidad and Tobago"
52,"trinidadtob",-9999,9999,-9999,9999,52,369,"TTO","TRI","Trinidad and Tobago"
52,"trinidadtobago",-9999,9999,-9999,9999,52,369,"TTO","TRI","Trinidad and Tobago"
52,"trinidadandtobago",-9999,9999,-9999,9999,52,369,"TTO","TRI","Trinidad and Tobago"
52,"tto",-9999,9999,-9999,9999,52,369,"TTO","TRI","Trinidad and Tobago"
53,"barbados",-9999,9999,-9999,9999,53,316,"BRB","BAR","Barbados"
54,"dma",-9999,9999,-9999,9999,54,321,"DMA","DMA","Dominica"
54,"dominica",-9999,9999,-9999,9999,54,321,"DMA","DMA","Dominica"
55,"grenada",-9999,9999,-9999,9999,55,328,"GRD","GRN","Grenada"
56,"lca",-9999,9999,-9999,9999,56,362,"LCA","SLU","Saint Lucia"
56,"saintlucia",-9999,9999,-9999,9999,56,362,"LCA","SLU","Saint Lucia"
56,"stlucia",-9999,9999,-9999,9999,56,362,"LCA","SLU","Saint Lucia"
57,"saintvincent",-9999,9999,-9999,9999,57,364,"VCT","SVG","Saint Vincent and the Grenadines"
57,"saintvincentgrenadines",-9999,9999,-9999,9999,57,364,"VCT","SVG","Saint Vincent and the Grenadines"
57,"saintvincentthegrenadines",-9999,9999,-9999,9999,57,364,"VCT","SVG","Saint Vincent and the Grenadines"
57,"saintvincentandgrenadines",-9999,9999,-9999,9999,57,364,"VCT","SVG","Saint Vincent and the Grenadines"
57,"saintvincentandthegrenadines",-9999,9999,-9999,9999,57,364,"VCT","SVG","Saint Vincent and the Grenadines"
57,"sstvincentgrens",-9999,9999,-9999,9999,57,364,"VCT","SVG","Saint Vincent and the Grenadines"
57,"stvincent",-9999,9999,-9999,9999,57,364,"VCT","SVG","Saint Vincent and the Grenadines"
57,"stvincentandthegrenadines",-9999,9999,-9999,9999,57,364,"VCT","SVG","Saint Vincent and the Grenadines"
57,"stving",-9999,9999,-9999,9999,57,364,"VCT","SVG","Saint Vincent and the Grenadines"
57,"stvincentgrenadine",-9999,9999,-9999,9999,57,364,"VCT","SVG","Saint Vincent and the Grenadines"
57,"stvincentgrenadines",-9999,9999,-9999,9999,57,364,"VCT","SVG","Saint Vincent and the Grenadines"
57,"stvincentgrens",-9999,9999,-9999,9999,57,364,"VCT","SVG","Saint Vincent and the Grenadines"
57,"stvincentandgrenadines",-9999,9999,-9999,9999,57,364,"VCT","SVG","Saint Vincent and the Grenadines"
57,"stvincentand",-9999,9999,-9999,9999,57,364,"VCT","SVG","Saint Vincent and the Grenadines"
57,"vct",-9999,9999,-9999,9999,57,364,"VCT","SVG","Saint Vincent and the Grenadines"
58,"antigua",-9999,9999,-9999,9999,58,311,"ATG","AAB","Antigua & Barbuda"
58,"antiguab",-9999,9999,-9999,9999,58,311,"ATG","AAB","Antigua & Barbuda"
58,"antiguabarbuda",-9999,9999,-9999,9999,58,311,"ATG","AAB","Antigua & Barbuda"
58,"antiguaandbarbuda",-9999,9999,-9999,9999,58,311,"ATG","AAB","Antigua & Barbuda"
58,"atg",-9999,9999,-9999,9999,58,311,"ATG","AAB","Antigua & Barbuda"
60,"kna",-9999,9999,-9999,9999,60,361,"KNA","SKN","Saint Kitts and Nevis"
60,"saintkittsnevis",-9999,9999,-9999,9999,60,361,"KNA","SKN","Saint Kitts and Nevis"
60,"saintkittsandnevis",-9999,9999,-9999,9999,60,361,"KNA","SKN","Saint Kitts and Nevis"
60,"stkittnev",-9999,9999,-9999,9999,60,361,"KNA","SKN","Saint Kitts and Nevis"
60,"stkittsandnevis",-9999,9999,-9999,9999,60,361,"KNA","SKN","Saint Kitts and Nevis"
60,"stkittsn",-9999,9999,-9999,9999,60,361,"KNA","SKN","Saint Kitts and Nevis"
60,"stkittsnevis",-9999,9999,-9999,9999,60,361,"KNA","SKN","Saint Kitts and Nevis"
70,"mex",-9999,9999,-9999,9999,70,273,"MEX","MEX","Mexico"
70,"mexico",-9999,9999,-9999,9999,70,273,"MEX","MEX","Mexico"
70,"unitedmexicanstates",-9999,9999,-9999,9999,70,273,"MEX","MEX","Mexico"
80,"belize",-9999,9999,-9999,9999,80,339,"BLZ","BLZ","Belize"
80,"blz",-9999,9999,-9999,9999,80,339,"BLZ","BLZ","Belize"
89,"unitedprovinceca",-9999,9999,-9999,9999,NA,NA,NA,"UPC","United Provinces of Central America"
89,"unitedprovincesofcentralamerica",-9999,9999,-9999,9999,NA,NA,NA,"UPC","United Provinces of Central America"
90,"gtm",-9999,9999,-9999,9999,90,258,"GTM","GUA","Guatemala"
90,"guatemala",-9999,9999,-9999,9999,90,258,"GTM","GUA","Guatemala"
91,"hnd",-9999,9999,-9999,9999,91,268,"HND","HON","Honduras"
91,"honduras",-9999,9999,-9999,9999,91,268,"HND","HON","Honduras"
92,"elsalv",-9999,9999,-9999,9999,92,253,"SLV","SAL","El Salvador"
92,"elsalvador",-9999,9999,-9999,9999,92,253,"SLV","SAL","El Salvador"
92,"salvador",-9999,9999,-9999,9999,92,253,"SLV","SAL","El Salvador"
92,"slv",-9999,9999,-9999,9999,92,253,"SLV","SAL","El Salvador"
93,"nic",-9999,9999,-9999,9999,93,278,"NIC","NIC","Nicaragua"
93,"nicaragua",-9999,9999,-9999,9999,93,278,"NIC","NIC","Nicaragua"
94,"costrica",-9999,9999,-9999,9999,94,238,"CRI","COS","Costa Rica"
94,"costarica",-9999,9999,-9999,9999,94,238,"CRI","COS","Costa Rica"
95,"pan",-9999,9999,-9999,9999,95,283,"PAN","PAN","Panama"
95,"panama",-9999,9999,-9999,9999,95,283,"PAN","PAN","Panama"
95,"panamacanalzone",-9999,9999,-9999,9999,95,283,"PAN","PAN","Panama"
95,"panamaexcludingcanalzone",-9999,9999,-9999,9999,95,283,"PAN","PAN","Panama"
99,"grancolombia",-9999,9999,-9999,9999,NA,NA,NA,"GCL","Great Colombia"
99,"greatcolombia",-9999,9999,-9999,9999,NA,NA,NA,"GCL","Great Colombia"
100,"col",-9999,9999,-9999,9999,100,233,"COL","COL","Colombia"
100,"colombia",-9999,9999,-9999,9999,100,233,"COL","COL","Colombia"
100,"columbia",-9999,9999,-9999,9999,100,233,"COL","COL","Colombia"
101,"ven",-9999,9999,-9999,9999,101,299,"VEN","VEN","Venezuela"
101,"venezuela",-9999,9999,-9999,9999,101,299,"VEN","VEN","Venezuela"
101,"venezuelabolivarianrepof",-9999,9999,-9999,9999,101,299,"VEN","VEN","Venezuela"
101,"venezuelabolivarianrepublicof",-9999,9999,-9999,9999,101,299,"VEN","VEN","Venezuela"
101,"venezuelarb",-9999,9999,-9999,9999,101,299,"VEN","VEN","Venezuela"
101,"venezuelarepblicabolivarianade",-9999,9999,-9999,9999,101,299,"VEN","VEN","Venezuela"
101,"venezuelarepbol",-9999,9999,-9999,9999,101,299,"VEN","VEN","Venezuela"
101,"venezuelarepublicabolivarianade",-9999,9999,-9999,9999,101,299,"VEN","VEN","Venezuela"
110,"guy",-9999,9999,-9999,9999,110,336,"GUY","GUY","Guyana"
110,"guyana",-9999,9999,-9999,9999,110,336,"GUY","GUY","Guyana"
115,"sur",-9999,9999,-9999,9999,115,366,"SUR","SUR","Surinam"
115,"surinam",-9999,9999,-9999,9999,115,366,"SUR","SUR","Surinam"
115,"suriname",-9999,9999,-9999,9999,115,366,"SUR","SUR","Surinam"
130,"ecu",-9999,9999,-9999,9999,130,248,"ECU","ECU","Ecuador"
130,"ecuador",-9999,9999,-9999,9999,130,248,"ECU","ECU","Ecuador"
135,"per",-9999,9999,-9999,9999,135,293,"PER","PER","Peru"
135,"peru",-9999,9999,-9999,9999,135,293,"PER","PER","Peru"
140,"bra",-9999,9999,-9999,9999,140,223,"BRA","BRA","Brazil"
140,"brazil",-9999,9999,-9999,9999,140,223,"BRA","BRA","Brazil"
145,"bol",-9999,9999,-9999,9999,145,218,"BOL","BOL","Bolivia"
145,"bolivia",-9999,9999,-9999,9999,145,218,"BOL","BOL","Bolivia"
145,"boliviaplurinationalstateof",-9999,9999,-9999,9999,145,218,"BOL","BOL","Bolivia"
150,"paraguay",-9999,9999,-9999,9999,150,288,"PRY","PAR","Paraguay"
150,"pry",-9999,9999,-9999,9999,150,288,"PRY","PAR","Paraguay"
155,"chile",-9999,9999,-9999,9999,155,228,"CHL","CHL","Chile"
155,"chl",-9999,9999,-9999,9999,155,228,"CHL","CHL","Chile"
160,"arg",-9999,9999,-9999,9999,160,213,"ARG","ARG","Argentina"
160,"argentin",-9999,9999,-9999,9999,160,213,"ARG","ARG","Argentina"
160,"argentina",-9999,9999,-9999,9999,160,213,"ARG","ARG","Argentina"
165,"uruguay",-9999,9999,-9999,9999,165,298,"URY","URU","Uruguay"
165,"ury",-9999,9999,-9999,9999,165,298,"URY","URU","Uruguay"
200,"gbr",-9999,9999,-9999,9999,200,112,"GBR","UKG","United Kingdom"
200,"greatbritain",-9999,9999,-9999,9999,200,112,"GBR","UKG","United Kingdom"
200,"uk",-9999,9999,-9999,9999,200,112,"GBR","UKG","United Kingdom"
200,"unitedkingdom",-9999,9999,-9999,9999,200,112,"GBR","UKG","United Kingdom"
200,"unitedkingdomofgreatbritainandnorthernireland",-9999,9999,-9999,9999,200,112,"GBR","UKG","United Kingdom"
205,"ireland",-9999,9999,-9999,9999,205,178,"IRL","IRE","Ireland"
205,"irl",-9999,9999,-9999,9999,205,178,"IRL","IRE","Ireland"
210,"netherl",-9999,9999,-9999,9999,210,138,"NLD","NTH","Netherlands"
210,"netherlands",-9999,9999,-9999,9999,210,138,"NLD","NTH","Netherlands"
210,"netherlandsthe",-9999,9999,-9999,9999,210,138,"NLD","NTH","Netherlands"
210,"nld",-9999,9999,-9999,9999,210,138,"NLD","NTH","Netherlands"
210,"thenetherlands",-9999,9999,-9999,9999,210,138,"NLD","NTH","Netherlands"
210,"unitedkingdomofthenetherlands",-9999,9999,-9999,9999,210,138,"NLD","NTH","Netherlands"
211,"bel",-9999,9999,-9999,9999,211,124,"BEL","BEL","Belgium"
211,"belgium",-9999,9999,-9999,9999,211,124,"BEL","BEL","Belgium"
211,"belgiumandluxembourg",-9999,9999,-9999,9999,211,124,"BEL","BEL","Belgium"
211,"belgoluxembourgeconomicunion",-9999,9999,-9999,9999,211,124,"BEL","BEL","Belgium"
211,"belguim",-9999,9999,-9999,9999,211,124,"BEL","BEL","Belgium"
211,"bellux",-9999,9999,-9999,9999,211,124,"BEL","BEL","Belgium"
212,"lux",-9999,9999,-9999,9999,212,137,"LUX","LUX","Luxembourg"
212,"luxembourg",-9999,9999,-9999,9999,212,137,"LUX","LUX","Luxembourg"
212,"luxemburg",-9999,9999,-9999,9999,212,137,"LUX","LUX","Luxembourg"
212,"luxemgb",-9999,9999,-9999,9999,212,137,"LUX","LUX","Luxembourg"
220,"fra",-9999,9999,-9999,9999,220,132,"FRA","FRN","France"
220,"france",-9999,9999,-9999,9999,220,132,"FRA","FRN","France"
220,"franceincludingalgeria",-9999,9999,-9999,9999,220,132,"FRA","FRN","France"
221,"mco",-9999,9999,-9999,9999,221,183,"MCO","MNC","Monaco"
221,"monaco",-9999,9999,-9999,9999,221,183,"MCO","MNC","Monaco"
223,"lie",-9999,9999,-9999,9999,223,147,"LIE","LIE","Liechtenstein"
223,"liechstenstein",-9999,9999,-9999,9999,223,147,"LIE","LIE","Liechtenstein"
223,"liechtenstein",-9999,9999,-9999,9999,223,147,"LIE","LIE","Liechtenstein"
223,"liechtstein",-9999,9999,-9999,9999,223,147,"LIE","LIE","Liechtenstein"
225,"che",-9999,9999,-9999,9999,225,146,"CHE","SWZ","Switzerland"
225,"swissconfederation",-9999,9999,-9999,9999,225,146,"CHE","SWZ","Switzerland"
225,"switzerl",-9999,9999,-9999,9999,225,146,"CHE","SWZ","Switzerland"
225,"switzerland",-9999,9999,-9999,9999,225,146,"CHE","SWZ","Switzerland"
230,"esp",-9999,9999,-9999,9999,230,184,"ESP","SPN","Spain"
230,"spain",-9999,9999,-9999,9999,230,184,"ESP","SPN","Spain"
232,"and",-9999,9999,-9999,9999,232,171,"ADO","AND","Andorra"
232,"andorra",-9999,9999,-9999,9999,232,171,"ADO","AND","Andorra"
235,"portugal",-9999,9999,-9999,9999,235,182,"PRT","POR","Portugal"
235,"prt",-9999,9999,-9999,9999,235,182,"PRT","POR","Portugal"
240,"han",-9999,9999,-9999,9999,240,NA,NA,"HAN","Hanover"
240,"hanover",-9999,9999,-9999,9999,240,NA,NA,"HAN","Hanover"
245,"bavaria",-9999,9999,-9999,9999,245,NA,NA,"BAV","Bavaria"
255,"germany",1816,1945,-9999,9999,255,NA,NA,"GMY","Germany (Prussia)"
255,"germanyprussia",1816,1945,-9999,9999,255,NA,NA,"GMY","Germany (Prussia)"
255,"prussia",1816,1945,-9999,9999,255,NA,NA,"GMY","Germany (Prussia)"
260,"deu",1946,1990,-9999,9999,260,134,"DEU","GFR","German Federal Republic"
260,"deu",1991,9999,-9999,9999,255,134,"DEU","GFR","German Federal Republic"
260,"federalrepublicofgermanywestgermany",1946,1990,-9999,9999,260,134,"DEU","GFR","German Federal Republic"
260,"federalrepublicofgermanywestgermany",1991,9999,-9999,9999,255,134,"DEU","GFR","German Federal Republic"
260,"frgermany",1946,1990,-9999,9999,260,134,"DEU","GFR","German Federal Republic"
260,"frgermany",1991,9999,-9999,9999,255,134,"DEU","GFR","German Federal Republic"
260,"frggermany",1946,1990,-9999,9999,260,134,"DEU","GFR","German Federal Republic"
260,"frggermany",1991,9999,-9999,9999,255,134,"DEU","GFR","German Federal Republic"
260,"germandemocraticrepubliceastgermany",1946,1990,-9999,9999,260,134,"DEU","GFR","German Federal Republic"
260,"germandemocraticrepubliceastgermany",1991,9999,-9999,9999,255,134,"DEU","GFR","German Federal Republic"
260,"germanfederalrepublic",1946,1990,-9999,9999,260,134,"DEU","GFR","German Federal Republic"
260,"germanfederalrepublic",1991,9999,-9999,9999,255,134,"DEU","GFR","German Federal Republic"
260,"germanfr",1946,1990,-9999,9999,260,134,"DEU","GFR","German Federal Republic"
260,"germanfr",1991,9999,-9999,9999,255,134,"DEU","GFR","German Federal Republic"
260,"germany",1946,1990,-9999,9999,260,134,"DEU","GFR","German Federal Republic"
260,"germany",1991,9999,-9999,9999,255,134,"DEU","GFR","German Federal Republic"
260,"germanyfedrep",1946,1990,-9999,9999,260,134,"DEU","GFR","German Federal Republic"
260,"germanyfedrep",1991,9999,-9999,9999,255,134,"DEU","GFR","German Federal Republic"
260,"germanyfederalrepublic",1946,1990,-9999,9999,260,134,"DEU","GFR","German Federal Republic"
260,"germanyfederalrepublic",1991,9999,-9999,9999,255,134,"DEU","GFR","German Federal Republic"
260,"germanywest",1946,1990,-9999,9999,260,134,"DEU","GFR","German Federal Republic"
260,"germanywest",1991,9999,-9999,9999,255,134,"DEU","GFR","German Federal Republic"
260,"germanyfederalrepublicof",1946,1990,-9999,9999,260,134,"DEU","GFR","German Federal Republic"
260,"germanyfederalrepublicof",1991,9999,-9999,9999,255,134,"DEU","GFR","German Federal Republic"
260,"germanyfr",1946,1990,-9999,9999,260,134,"DEU","GFR","German Federal Republic"
260,"germanyfr",1991,9999,-9999,9999,255,134,"DEU","GFR","German Federal Republic"
260,"germanyw",1946,1990,-9999,9999,260,134,"DEU","GFR","German Federal Republic"
260,"germanyw",1991,9999,-9999,9999,255,134,"DEU","GFR","German Federal Republic"
260,"germayunited",1946,1990,-9999,9999,260,134,"DEU","GFR","German Federal Republic"
260,"germayunited",1991,9999,-9999,9999,255,134,"DEU","GFR","German Federal Republic"
260,"westgermany",1946,1990,-9999,9999,260,134,"DEU","GFR","German Federal Republic"
260,"westgermany",1991,9999,-9999,9999,255,134,"DEU","GFR","German Federal Republic"
260,"zollverein",1946,1990,-9999,9999,260,134,"DEU","GFR","German Federal Republic"
260,"zollverein",1991,9999,-9999,9999,255,134,"DEU","GFR","German Federal Republic"
265,"eastgermany",1946,1990,-9999,9999,265,NA,"DDR","GDR","German Democratic Republic"
265,"gdr",1946,1990,-9999,9999,265,NA,"DDR","GDR","German Democratic Republic"
265,"germandemrep",1946,1990,-9999,9999,265,NA,"DDR","GDR","German Democratic Republic"
265,"germandemocraticrepublic",1946,1990,-9999,9999,265,NA,"DDR","GDR","German Democratic Republic"
265,"germandr",1946,1990,-9999,9999,265,NA,"DDR","GDR","German Democratic Republic"
265,"germanydemrep",1946,1990,-9999,9999,265,NA,"DDR","GDR","German Democratic Republic"
265,"germanydemocraticrepublic",1946,1990,-9999,9999,265,NA,"DDR","GDR","German Democratic Republic"
265,"germanydr",1946,1990,-9999,9999,265,NA,"DDR","GDR","German Democratic Republic"
265,"germanyeast",1946,1990,-9999,9999,265,NA,"DDR","GDR","German Democratic Republic"
265,"germanydemocraticrepublicof",1946,1990,-9999,9999,265,NA,"DDR","GDR","German Democratic Republic"
265,"germanye",1946,1990,-9999,9999,265,NA,"DDR","GDR","German Democratic Republic"
267,"bad",-9999,9999,-9999,9999,267,NA,NA,"BAD","Baden"
267,"baden",-9999,9999,-9999,9999,267,NA,NA,"BAD","Baden"
269,"sax",-9999,9999,-9999,9999,269,NA,NA,"SAX","Saxony"
269,"saxony",-9999,9999,-9999,9999,269,NA,NA,"SAX","Saxony"
271,"wrt",-9999,9999,-9999,9999,271,NA,NA,"WRT","Württemberg"
271,"wuerttemburg",-9999,9999,-9999,9999,271,NA,NA,"WRT","Württemberg"
271,"württemberg",-9999,9999,-9999,9999,271,NA,NA,"WRT","Württemberg"
273,"hesseelectoral",-9999,9999,-9999,9999,273,NA,NA,"HSE","Hesse-Kassel (Electoral)"
273,"hessekassel",-9999,9999,-9999,9999,273,NA,NA,"HSE","Hesse-Kassel (Electoral)"
273,"hessekasselelectoral",-9999,9999,-9999,9999,273,NA,NA,"HSE","Hesse-Kassel (Electoral)"
273,"hse",-9999,9999,-9999,9999,273,NA,NA,"HSE","Hesse-Kassel (Electoral)"
275,"hessegrandducal",-9999,9999,-9999,9999,275,NA,NA,"HSD","Hesse-Darmstadt (Ducal)"
275,"hessedarmstadt",-9999,9999,-9999,9999,275,NA,NA,"HSD","Hesse-Darmstadt (Ducal)"
275,"hessedarmstadtducal",-9999,9999,-9999,9999,275,NA,NA,"HSD","Hesse-Darmstadt (Ducal)"
275,"hsg",-9999,9999,-9999,9999,275,NA,NA,"HSD","Hesse-Darmstadt (Ducal)"
280,"mec",-9999,9999,-9999,9999,280,NA,NA,"MEC","Mecklenburg-Schwerin"
280,"meckelnburgschwerin",-9999,9999,-9999,9999,280,NA,NA,"MEC","Mecklenburg-Schwerin"
280,"mecklenburg",-9999,9999,-9999,9999,280,NA,NA,"MEC","Mecklenburg-Schwerin"
280,"mecklenburgschwerin",-9999,9999,-9999,9999,280,NA,NA,"MEC","Mecklenburg-Schwerin"
290,"pol",-9999,9999,-9999,9999,290,964,"POL","POL","Poland"
290,"poland",-9999,9999,-9999,9999,290,964,"POL","POL","Poland"
300,"auh",-9999,9999,-9999,9999,300,NA,NA,"AUH","Austria-Hungary"
300,"austempire",-9999,9999,-9999,9999,300,NA,NA,"AUH","Austria-Hungary"
300,"austhung",-9999,9999,-9999,9999,300,NA,NA,"AUH","Austria-Hungary"
300,"austriahungary",-9999,9999,-9999,9999,300,NA,NA,"AUH","Austria-Hungary"
305,"austria",-9999,9999,-9999,9999,305,122,"AUT","AUS","Austria"
305,"aut",-9999,9999,-9999,9999,305,122,"AUT","AUS","Austria"
310,"hun",-9999,9999,-9999,9999,310,944,"HUN","HUN","Hungary"
310,"hungary",-9999,9999,-9999,9999,310,944,"HUN","HUN","Hungary"
315,"cze",-9999,1992,-9999,9999,315,934,"CZK","CZE","Czechoslovakia"
315,"czechrep",-9999,1992,-9999,9999,315,934,"CZK","CZE","Czechoslovakia"
315,"czechrepcslv",-9999,1992,-9999,9999,315,934,"CZK","CZE","Czechoslovakia"
315,"czechrepublic",-9999,1992,-9999,9999,315,934,"CZK","CZE","Czechoslovakia"
315,"czechia",-9999,1992,-9999,9999,315,934,"CZK","CZE","Czechoslovakia"
315,"czechoskia",-9999,1992,-9999,9999,315,934,"CZK","CZE","Czechoslovakia"
315,"czechoslavakia",-9999,1992,-9999,9999,315,934,"CZK","CZE","Czechoslovakia"
315,"czechoslovakia",-9999,1992,-9999,9999,315,934,"CZK","CZE","Czechoslovakia"
315,"formerczechoslovakia",-9999,1992,-9999,9999,315,934,"CZK","CZE","Czechoslovakia"
316,"cze",1993,9999,-9999,9999,316,935,"CZE","CZR","Czech Republic"
316,"czechrep",1993,9999,-9999,9999,316,935,"CZE","CZR","Czech Republic"
316,"czechrepcslv",1993,9999,-9999,9999,316,935,"CZE","CZR","Czech Republic"
316,"czechrepublic",1993,9999,-9999,9999,316,935,"CZE","CZR","Czech Republic"
316,"czechia",1993,9999,-9999,9999,316,935,"CZE","CZR","Czech Republic"
316,"czechoskia",1993,9999,-9999,9999,316,935,"CZE","CZR","Czech Republic"
316,"czechoslavakia",1993,9999,-9999,9999,316,935,"CZE","CZR","Czech Republic"
316,"czechoslovakia",1993,9999,-9999,9999,316,935,"CZE","CZR","Czech Republic"
316,"formerczechoslovakia",1993,9999,-9999,9999,316,935,"CZE","CZR","Czech Republic"
317,"slovakrep",-9999,9999,-9999,9999,317,936,"SVK","SLO","Slovakia"
317,"slovakrepublic",-9999,9999,-9999,9999,317,936,"SVK","SLO","Slovakia"
317,"slovakia",-9999,9999,-9999,9999,317,936,"SVK","SLO","Slovakia"
317,"svk",-9999,9999,-9999,9999,317,936,"SVK","SLO","Slovakia"
325,"ita",-9999,9999,-9999,9999,325,136,"ITA","ITA","Italy/Sardinia"
325,"italy",-9999,9999,-9999,9999,325,136,"ITA","ITA","Italy/Sardinia"
325,"italysardinia",-9999,9999,-9999,9999,325,136,"ITA","ITA","Italy/Sardinia"
325,"sardinia",-9999,9999,-9999,9999,325,136,"ITA","ITA","Italy/Sardinia"
327,"pap",-9999,9999,-9999,9999,327,NA,NA,"PAP","Papal States"
327,"papalstates",-9999,9999,-9999,9999,327,NA,NA,"PAP","Papal States"
329,"kingdomofthetwosicilieskingdomofnaples",-9999,9999,-9999,9999,329,NA,NA,"SIC","Two Sicilies"
329,"sic",-9999,9999,-9999,9999,329,NA,NA,"SIC","Two Sicilies"
329,"twosicilies",-9999,9999,-9999,9999,329,NA,NA,"SIC","Two Sicilies"
331,"sanmarino",-9999,9999,-9999,9999,331,135,"SMR","SNM","San Marino"
331,"smr",-9999,9999,-9999,9999,331,135,"SMR","SNM","San Marino"
332,"mod",-9999,9999,-9999,9999,332,NA,NA,"MOD","Modena"
332,"modena",-9999,9999,-9999,9999,332,NA,NA,"MOD","Modena"
335,"parma",-9999,9999,-9999,9999,335,NA,NA,"PMA","Parma"
335,"pma",-9999,9999,-9999,9999,335,NA,NA,"PMA","Parma"
337,"tus",-9999,9999,-9999,9999,337,NA,NA,"TUS","Tuscany"
337,"tuscany",-9999,9999,-9999,9999,337,NA,NA,"TUS","Tuscany"
338,"malta",-9999,9999,-9999,9999,338,181,"MLT","MLT","Malta"
338,"mlt",-9999,9999,-9999,9999,338,181,"MLT","MLT","Malta"
339,"alb",-9999,9999,-9999,9999,339,914,"ALB","ALB","Albania"
339,"albania",-9999,9999,-9999,9999,339,914,"ALB","ALB","Albania"
340,"formeryugoslaviasocialistfedrep",1830,1917,2007,9999,345,942,"SRB","SER","Serbia"
340,"principalityofserbia",1830,1917,2007,9999,345,942,"SRB","SER","Serbia"
340,"serbia",1830,1917,2007,9999,345,942,"SRB","SER","Serbia"
340,"serbiayugoslavia",1830,1917,2007,9999,345,942,"SRB","SER","Serbia"
340,"serbiamontenegro",1830,1917,2007,9999,345,942,"SRB","SER","Serbia"
340,"serbiaandmontenegro",1830,1917,2007,9999,345,942,"SRB","SER","Serbia"
340,"serbiarepof",1830,1917,2007,9999,345,942,"SRB","SER","Serbia"
340,"serbiarepublicof",1830,1917,2007,9999,345,942,"SRB","SER","Serbia"
340,"sfrofyugoslaviaformer",1830,1917,2007,9999,345,942,"SRB","SER","Serbia"
340,"socialistfederalrepublicofyugoslavia",1830,1917,2007,9999,345,942,"SRB","SER","Serbia"
340,"srb",1830,1917,2007,9999,345,942,"SRB","SER","Serbia"
340,"theformeryugoslavrepofmacedonia",1830,1917,2007,9999,345,942,"SRB","SER","Serbia"
340,"theformeryugoslavrepublicofmacedonia",1830,1917,2007,9999,345,942,"SRB","SER","Serbia"
340,"yug",1830,1917,2007,9999,345,942,"SRB","SER","Serbia"
340,"yugoslav",1830,1917,2007,9999,345,942,"SRB","SER","Serbia"
340,"yugoslavia",1830,1917,2007,9999,345,942,"SRB","SER","Serbia"
340,"yugoslavia91",1830,1917,2007,9999,345,942,"SRB","SER","Serbia"
340,"yugoslaviaformer",1830,1917,2007,9999,345,942,"SRB","SER","Serbia"
340,"yugoslaviafry",1830,1917,2007,9999,345,942,"SRB","SER","Serbia"
340,"yugoslaviaserbiamontenegro",1830,1917,2007,9999,345,942,"SRB","SER","Serbia"
340,"yugoslaviaserbia",1830,1917,2007,9999,345,942,"SRB","SER","Serbia"
340,"yugoslaviafederalrepublicof",1830,1917,2007,9999,345,942,"SRB","SER","Serbia"
340,"yugoslaviafr",1830,1917,2007,9999,345,942,"SRB","SER","Serbia"
340,"yugoslaviafrserbiamontenegro",1830,1917,2007,9999,345,942,"SRB","SER","Serbia"
340,"yugoslaviasfr",1830,1917,2007,9999,345,942,"SRB","SER","Serbia"
341,"mne",-9999,9999,-9999,9999,341,943,"MNE","MNG","Montenegro"
341,"montenegro",-9999,9999,-9999,9999,341,943,"MNE","MNG","Montenegro"
341,"montenegrorepof",-9999,9999,-9999,9999,341,943,"MNE","MNG","Montenegro"
341,"montenegrorepublicof",-9999,9999,-9999,9999,341,943,"MNE","MNG","Montenegro"
343,"fyr",-9999,9999,-9999,9999,343,962,"MKD","MAC","Macedonia (Former Yugoslav Republic of)"
343,"fyrmacedonia",-9999,9999,-9999,9999,343,962,"MKD","MAC","Macedonia (Former Yugoslav Republic of)"
343,"macedonia",-9999,9999,-9999,9999,343,962,"MKD","MAC","Macedonia (Former Yugoslav Republic of)"
343,"macedoniaformeryugoslavrepublicof",-9999,9999,-9999,9999,343,962,"MKD","MAC","Macedonia (Former Yugoslav Republic of)"
343,"macedoniafyrom",-9999,9999,-9999,9999,343,962,"MKD","MAC","Macedonia (Former Yugoslav Republic of)"
343,"macedoniafry",-9999,9999,-9999,9999,343,962,"MKD","MAC","Macedonia (Former Yugoslav Republic of)"
343,"macedoniafyr",-9999,9999,-9999,9999,343,962,"MKD","MAC","Macedonia (Former Yugoslav Republic of)"
343,"macedoniatheformeryugoslavrepublicof",-9999,9999,-9999,9999,343,962,"MKD","MAC","Macedonia (Former Yugoslav Republic of)"
343,"mkd",-9999,9999,-9999,9999,343,962,"MKD","MAC","Macedonia (Former Yugoslav Republic of)"
343,"tfyrmacedonia",-9999,9999,-9999,9999,343,962,"MKD","MAC","Macedonia (Former Yugoslav Republic of)"
343,"tfyrofmacedonia",-9999,9999,-9999,9999,343,962,"MKD","MAC","Macedonia (Former Yugoslav Republic of)"
343,"theformeryugoslavrepofmacedonia",-9999,9999,-9999,9999,343,962,"MKD","MAC","Macedonia (Former Yugoslav Republic of)"
343,"theformeryugoslavrepublicofmacedonia",-9999,9999,-9999,9999,343,962,"MKD","MAC","Macedonia (Former Yugoslav Republic of)"
343,"thefyrofmacedonia",-9999,9999,-9999,9999,343,962,"MKD","MAC","Macedonia (Former Yugoslav Republic of)"
344,"croatia",-9999,9999,-9999,9999,344,960,"HRV","CRO","Croatia"
344,"hrv",-9999,9999,-9999,9999,344,960,"HRV","CRO","Croatia"
345,"formeryugoslaviasocialistfedrep",1918,2006,-9999,9999,345,188,"YSR","YUG","Yugoslavia"
345,"serbia",1918,2006,-9999,9999,345,188,"YSR","YUG","Yugoslavia"
345,"serbiayugoslavia",1918,2006,-9999,9999,345,188,"YSR","YUG","Yugoslavia"
345,"serbiamontenegro",1918,2006,-9999,9999,345,188,"YSR","YUG","Yugoslavia"
345,"serbiaandmontenegro",1918,2006,-9999,9999,345,188,"YSR","YUG","Yugoslavia"
345,"serbiarepof",1918,2006,-9999,9999,345,188,"YSR","YUG","Yugoslavia"
345,"serbiarepublicof",1918,2006,-9999,9999,345,188,"YSR","YUG","Yugoslavia"
345,"sfrofyugoslaviaformer",1918,2006,-9999,9999,345,188,"YSR","YUG","Yugoslavia"
345,"socialistfederalrepublicofyugoslavia",1918,2006,-9999,9999,345,188,"YSR","YUG","Yugoslavia"
345,"yugoslav",1918,2006,-9999,9999,345,188,"YSR","YUG","Yugoslavia"
345,"yugoslavia",1918,2006,-9999,9999,345,188,"YSR","YUG","Yugoslavia"
345,"yugoslavia91",1918,2006,-9999,9999,345,188,"YSR","YUG","Yugoslavia"
345,"yugoslaviaformer",1918,2006,-9999,9999,345,188,"YSR","YUG","Yugoslavia"
345,"yugoslaviafry",1918,2006,-9999,9999,345,188,"YSR","YUG","Yugoslavia"
345,"yugoslaviaserbiamontenegro",1918,2006,-9999,9999,345,188,"YSR","YUG","Yugoslavia"
345,"yugoslaviaserbia",1918,2006,-9999,9999,345,188,"YSR","YUG","Yugoslavia"
345,"yugoslaviaunited",1918,2006,-9999,9999,345,188,"YSR","YUG","Yugoslavia"
345,"yugoslaviafedrep",1918,2006,-9999,9999,345,188,"YSR","YUG","Yugoslavia"
345,"yugoslaviafederalrepublicof",1918,2006,-9999,9999,345,188,"YSR","YUG","Yugoslavia"
345,"yugoslaviafr",1918,2006,-9999,9999,345,188,"YSR","YUG","Yugoslavia"
345,"yugoslaviasfr",1918,2006,-9999,9999,345,188,"YSR","YUG","Yugoslavia"
346,"bosnia",-9999,9999,-9999,9999,346,963,"BIH","BOS","Bosnia-Herzegovina"
346,"bosniaherz",-9999,9999,-9999,9999,346,963,"BIH","BOS","Bosnia-Herzegovina"
346,"bosniaherzegovina",-9999,9999,-9999,9999,346,963,"BIH","BOS","Bosnia-Herzegovina"
346,"bosniaandherzegovina",-9999,9999,-9999,9999,346,963,"BIH","BOS","Bosnia-Herzegovina"
346,"bosniaherzegovenia",-9999,9999,-9999,9999,346,963,"BIH","BOS","Bosnia-Herzegovina"
346,"bosniahercegovenia",-9999,9999,-9999,9999,346,963,"BIH","BOS","Bosnia-Herzegovina"
346,"bosniahercegovina",-9999,9999,-9999,9999,346,963,"BIH","BOS","Bosnia-Herzegovina"
346,"bth",-9999,9999,-9999,9999,346,963,"BIH","BOS","Bosnia-Herzegovina"
347,"kosovo",-9999,9999,-9999,9999,347,967,"KSV","KOS","Kosovo"
347,"kosovoincompliancewithunsecuritycouncilresolution124499",-9999,9999,-9999,9999,347,967,"KSV","KOS","Kosovo"
347,"kosovounderunscr1244",-9999,9999,-9999,9999,347,967,"KSV","KOS","Kosovo"
347,"kosovorepublicof",-9999,9999,-9999,9999,347,967,"KSV","KOS","Kosovo"
347,"kosovosres12441999",-9999,9999,-9999,9999,347,967,"KSV","KOS","Kosovo"
347,"serbiaandkosovosres12441999",-9999,9999,-9999,9999,347,967,"KSV","KOS","Kosovo"
349,"slovenia",-9999,9999,-9999,9999,349,961,"SVN","SLV","Slovenia"
349,"svn",-9999,9999,-9999,9999,349,961,"SVN","SLV","Slovenia"
350,"grc",-9999,9999,-9999,9999,350,174,"GRC","GRC","Greece"
350,"greece",-9999,9999,-9999,9999,350,174,"GRC","GRC","Greece"
352,"cyp",-9999,9999,-9999,9999,352,423,"CYP","CYP","Cyprus"
352,"cyprus",-9999,9999,-9999,9999,352,423,"CYP","CYP","Cyprus"
352,"cyprusg",-9999,9999,-9999,9999,352,423,"CYP","CYP","Cyprus"
352,"cyprusgreek",-9999,9999,-9999,9999,352,423,"CYP","CYP","Cyprus"
352,"cyprusgreeksouth",-9999,9999,-9999,9999,352,423,"CYP","CYP","Cyprus"
355,"bgr",-9999,1989,-9999,9999,355,918,"SUN","BUL","Bulgaria"
355,"bgr",1990,9999,-9999,9999,355,918,"BGR","BUL","Bulgaria"
355,"bulgaria",-9999,1989,-9999,9999,355,918,"SUN","BUL","Bulgaria"
355,"bulgaria",1990,9999,-9999,9999,355,918,"BGR","BUL","Bulgaria"
359,"mda",-9999,9999,-9999,9999,359,921,"MDA","MLD","Moldova"
359,"moldova",-9999,9999,-9999,9999,359,921,"MDA","MLD","Moldova"
359,"moldovarep",-9999,9999,-9999,9999,359,921,"MDA","MLD","Moldova"
359,"moldovarepof",-9999,9999,-9999,9999,359,921,"MDA","MLD","Moldova"
359,"moldovarepublicof",-9999,9999,-9999,9999,359,921,"MDA","MLD","Moldova"
359,"repofmoldova",-9999,9999,-9999,9999,359,921,"MDA","MLD","Moldova"
359,"republicofmoldova",-9999,9999,-9999,9999,359,921,"MDA","MLD","Moldova"
360,"rom",-9999,9999,-9999,9999,360,968,"ROM","RUM","Rumania"
360,"romania",-9999,9999,-9999,9999,360,968,"ROM","RUM","Rumania"
360,"rumania",-9999,9999,-9999,9999,360,968,"ROM","RUM","Rumania"
365,"rus",-9999,1989,-9999,9999,365,974,"RUS","RUS","Russia (Soviet Union)"
365,"rus",1990,9999,-9999,9999,365,922,"RUS","RUS","Russia (Soviet Union)"
365,"rusria",-9999,1989,-9999,9999,365,974,"RUS","RUS","Russia (Soviet Union)"
365,"rusria",1990,9999,-9999,9999,365,922,"RUS","RUS","Russia (Soviet Union)"
365,"russia",-9999,1989,-9999,9999,365,974,"RUS","RUS","Russia (Soviet Union)"
365,"russia",1990,9999,-9999,9999,365,922,"RUS","RUS","Russia (Soviet Union)"
365,"russiasovietunion",-9999,1989,-9999,9999,365,974,"RUS","RUS","Russia (Soviet Union)"
365,"russiasovietunion",1990,9999,-9999,9999,365,922,"RUS","RUS","Russia (Soviet Union)"
365,"russiaussr",-9999,1989,-9999,9999,365,974,"RUS","RUS","Russia (Soviet Union)"
365,"russiaussr",1990,9999,-9999,9999,365,922,"RUS","RUS","Russia (Soviet Union)"
365,"russianempireussr",-9999,1989,-9999,9999,365,974,"RUS","RUS","Russia (Soviet Union)"
365,"russianempireussr",1990,9999,-9999,9999,365,922,"RUS","RUS","Russia (Soviet Union)"
365,"russianfederation",-9999,1989,-9999,9999,365,974,"RUS","RUS","Russia (Soviet Union)"
365,"russianfederation",1990,9999,-9999,9999,365,922,"RUS","RUS","Russia (Soviet Union)"
365,"sovietunion",-9999,1989,-9999,9999,365,974,"RUS","RUS","Russia (Soviet Union)"
365,"sovietunion",1990,9999,-9999,9999,365,922,"RUS","RUS","Russia (Soviet Union)"
365,"ussr",-9999,1989,-9999,9999,365,974,"RUS","RUS","Russia (Soviet Union)"
365,"ussr",1990,9999,-9999,9999,365,922,"RUS","RUS","Russia (Soviet Union)"
365,"unionofsovietsocialistrepublics",-9999,1989,-9999,9999,365,974,"RUS","RUS","Russia (Soviet Union)"
365,"unionofsovietsocialistrepublics",1990,9999,-9999,9999,365,922,"RUS","RUS","Russia (Soviet Union)"
365,"usrrsovietunion",-9999,1989,-9999,9999,365,974,"RUS","RUS","Russia (Soviet Union)"
365,"usrrsovietunion",1990,9999,-9999,9999,365,922,"RUS","RUS","Russia (Soviet Union)"
365,"ussrsovietunion",-9999,1989,-9999,9999,365,974,"RUS","RUS","Russia (Soviet Union)"
365,"ussrsovietunion",1990,9999,-9999,9999,365,922,"RUS","RUS","Russia (Soviet Union)"
365,"ussrrussia",-9999,1989,-9999,9999,365,974,"RUS","RUS","Russia (Soviet Union)"
365,"ussrrussia",1990,9999,-9999,9999,365,922,"RUS","RUS","Russia (Soviet Union)"
366,"est",-9999,9999,-9999,9999,366,939,"EST","EST","Estonia"
366,"estonia",-9999,9999,-9999,9999,366,939,"EST","EST","Estonia"
367,"latvia",-9999,9999,-9999,9999,367,941,"LVA","LAT","Latvia"
367,"lva",-9999,9999,-9999,9999,367,941,"LVA","LAT","Latvia"
368,"lithuania",-9999,9999,-9999,9999,368,946,"LTU","LIT","Lithuania"
368,"ltu",-9999,9999,-9999,9999,368,946,"LTU","LIT","Lithuania"
369,"ukr",-9999,9999,-9999,9999,369,926,"UKR","UKR","Ukraine"
369,"ukraine",-9999,9999,-9999,9999,369,926,"UKR","UKR","Ukraine"
370,"belarus",-9999,9999,-9999,9999,370,913,"BLR","BLR","Belarus (Byelorussia)"
370,"belarusbyelorussia",-9999,9999,-9999,9999,370,913,"BLR","BLR","Belarus (Byelorussia)"
370,"blr",-9999,9999,-9999,9999,370,913,"BLR","BLR","Belarus (Byelorussia)"
370,"byelorussia",-9999,9999,-9999,9999,370,913,"BLR","BLR","Belarus (Byelorussia)"
371,"arm",1991,9999,-9999,9999,371,911,"ARM","ARM","Armenia"
371,"armenia",1991,9999,-9999,9999,371,911,"ARM","ARM","Armenia"
371,"armeniarepublicof",1991,9999,-9999,9999,371,911,"ARM","ARM","Armenia"
372,"geo",-9999,9999,-9999,9999,372,915,"GEO","GRG","Georgia"
372,"georgia",-9999,9999,-9999,9999,372,915,"GEO","GRG","Georgia"
372,"georgiarepof",-9999,9999,-9999,9999,372,915,"GEO","GRG","Georgia"
373,"aze",-9999,9999,-9999,9999,373,912,"AZE","AZE","Azerbaijan"
373,"azerbaijan",-9999,9999,-9999,9999,373,912,"AZE","AZE","Azerbaijan"
373,"azerbaijanrepof",-9999,9999,-9999,9999,373,912,"AZE","AZE","Azerbaijan"
373,"azerbaijanrepublicof",-9999,9999,-9999,9999,373,912,"AZE","AZE","Azerbaijan"
375,"fin",-9999,9999,-9999,9999,375,172,"FIN","FIN","Finland"
375,"finland",-9999,9999,-9999,9999,375,172,"FIN","FIN","Finland"
380,"swe",-9999,9999,-9999,9999,380,144,"SWE","SWD","Sweden"
380,"sweden",-9999,9999,-9999,9999,380,144,"SWE","SWD","Sweden"
385,"nor",-9999,9999,-9999,9999,385,142,"NOR","NOR","Norway"
385,"norway",-9999,9999,-9999,9999,385,142,"NOR","NOR","Norway"
390,"denmark",-9999,9999,-9999,9999,390,128,"DNK","DEN","Denmark"
390,"dnk",-9999,9999,-9999,9999,390,128,"DNK","DEN","Denmark"
395,"iceland",-9999,9999,-9999,9999,395,176,"ISL","ICE","Iceland"
395,"isl",-9999,9999,-9999,9999,395,176,"ISL","ICE","Iceland"
396,"abkhazia",-9999,9999,-9999,9999,NA,NA,NA,"ABK","Abkhazia"
397,"southossetia",-9999,9999,-9999,9999,NA,NA,NA,"SOT","South Ossetia"
402,"cverdeis",-9999,9999,-9999,9999,402,624,"CPV","CAP","Cape Verde"
402,"caboverde",-9999,9999,-9999,9999,402,624,"CPV","CAP","Cape Verde"
402,"capeverde",-9999,9999,-9999,9999,402,624,"CPV","CAP","Cape Verde"
402,"capeverdeis",-9999,9999,-9999,9999,402,624,"CPV","CAP","Cape Verde"
402,"cpv",-9999,9999,-9999,9999,402,624,"CPV","CAP","Cape Verde"
403,"stomandprincipe",-9999,9999,-9999,9999,403,716,"STP","STP","São Tomé and Principe"
403,"sotomandprncipe",-9999,9999,-9999,9999,403,716,"STP","STP","São Tomé and Principe"
403,"sotomandprincipe",-9999,9999,-9999,9999,403,716,"STP","STP","São Tomé and Principe"
403,"sotomèandprincipe",-9999,9999,-9999,9999,403,716,"STP","STP","São Tomé and Principe"
403,"sãotomãandprãncipe",-9999,9999,-9999,9999,403,716,"STP","STP","São Tomé and Principe"
403,"saotomeandprincipe",-9999,9999,-9999,9999,403,716,"STP","STP","São Tomé and Principe"
403,"saotome",-9999,9999,-9999,9999,403,716,"STP","STP","São Tomé and Principe"
403,"saotomep",-9999,9999,-9999,9999,403,716,"STP","STP","São Tomé and Principe"
403,"saotomeprincipe",-9999,9999,-9999,9999,403,716,"STP","STP","São Tomé and Principe"
403,"sãotomépríncipe",-9999,9999,-9999,9999,403,716,"STP","STP","São Tomé and Principe"
403,"sãotoméandprincipe",-9999,9999,-9999,9999,403,716,"STP","STP","São Tomé and Principe"
403,"sãotoméandpríncipe",-9999,9999,-9999,9999,403,716,"STP","STP","São Tomé and Principe"
403,"saotomeetprincipe",-9999,9999,-9999,9999,403,716,"STP","STP","São Tomé and Principe"
403,"saotomeprin",-9999,9999,-9999,9999,403,716,"STP","STP","São Tomé and Principe"
403,"saotomepr",-9999,9999,-9999,9999,403,716,"STP","STP","São Tomé and Principe"
403,"saotomeepr",-9999,9999,-9999,9999,403,716,"STP","STP","São Tomé and Principe"
403,"stp",-9999,9999,-9999,9999,403,716,"STP","STP","São Tomé and Principe"
404,"gnb",-9999,9999,-9999,9999,404,654,"GNB","GNB","Guinea-Bissau"
404,"guineabissau",-9999,9999,-9999,9999,404,654,"GNB","GNB","Guinea-Bissau"
404,"guineabau",-9999,9999,-9999,9999,404,654,"GNB","GNB","Guinea-Bissau"
404,"guineabisau",-9999,9999,-9999,9999,404,654,"GNB","GNB","Guinea-Bissau"
411,"eqguinea",-9999,9999,-9999,9999,411,642,"GNQ","EQG","Equatorial Guinea"
411,"equaguinea",-9999,9999,-9999,9999,411,642,"GNQ","EQG","Equatorial Guinea"
411,"equatguinea",-9999,9999,-9999,9999,411,642,"GNQ","EQG","Equatorial Guinea"
411,"equatorialguinea",-9999,9999,-9999,9999,411,642,"GNQ","EQG","Equatorial Guinea"
411,"gnq",-9999,9999,-9999,9999,411,642,"GNQ","EQG","Equatorial Guinea"
420,"gambia",-9999,9999,-9999,9999,420,648,"GMB","GAM","Gambia"
420,"gambiathe",-9999,9999,-9999,9999,420,648,"GMB","GAM","Gambia"
420,"gmb",-9999,9999,-9999,9999,420,648,"GMB","GAM","Gambia"
420,"thegambia",-9999,9999,-9999,9999,420,648,"GMB","GAM","Gambia"
432,"mali",-9999,9999,-9999,9999,432,678,"MLI","MLI","Mali"
432,"marli",-9999,9999,-9999,9999,432,678,"MLI","MLI","Mali"
432,"mli",-9999,9999,-9999,9999,432,678,"MLI","MLI","Mali"
433,"sen",-9999,9999,-9999,9999,433,722,"SEN","SEN","Senegal"
433,"senegal",-9999,9999,-9999,9999,433,722,"SEN","SEN","Senegal"
434,"ben",-9999,9999,-9999,9999,434,638,"BEN","BEN","Benin"
434,"benin",-9999,9999,-9999,9999,434,638,"BEN","BEN","Benin"
434,"benindahomey",-9999,9999,-9999,9999,434,638,"BEN","BEN","Benin"
434,"dahomey",-9999,9999,-9999,9999,434,638,"BEN","BEN","Benin"
435,"mauritan",-9999,9999,-9999,9999,435,682,"MRT","MAA","Mauritania"
435,"mauritania",-9999,9999,-9999,9999,435,682,"MRT","MAA","Mauritania"
435,"mrt",-9999,9999,-9999,9999,435,682,"MRT","MAA","Mauritania"
436,"ner",-9999,9999,-9999,9999,436,692,"NER","NIR","Niger"
436,"niger",-9999,9999,-9999,9999,436,692,"NER","NIR","Niger"
437,"ctedivoire",-9999,9999,-9999,9999,437,662,"CIV","CDI","Cote D’Ivoire"
437,"cedivoire",-9999,9999,-9999,9999,437,662,"CIV","CDI","Cote D’Ivoire"
437,"ctedivoireivorycoast",-9999,9999,-9999,9999,437,662,"CIV","CDI","Cote D’Ivoire"
437,"cxf4tedivoire",-9999,9999,-9999,9999,437,662,"CIV","CDI","Cote D’Ivoire"
437,"cãtedivoire",-9999,9999,-9999,9999,437,662,"CIV","CDI","Cote D’Ivoire"
437,"civ",-9999,9999,-9999,9999,437,662,"CIV","CDI","Cote D’Ivoire"
437,"cotedivoire",-9999,9999,-9999,9999,437,662,"CIV","CDI","Cote D’Ivoire"
437,"cotedivor",-9999,9999,-9999,9999,437,662,"CIV","CDI","Cote D’Ivoire"
437,"côtedivoire",-9999,9999,-9999,9999,437,662,"CIV","CDI","Cote D’Ivoire"
437,"cotedíivoire",-9999,9999,-9999,9999,437,662,"CIV","CDI","Cote D’Ivoire"
437,"ctedõivoire",-9999,9999,-9999,9999,437,662,"CIV","CDI","Cote D’Ivoire"
437,"cùtedivoire",-9999,9999,-9999,9999,437,662,"CIV","CDI","Cote D’Ivoire"
437,"cùtedíivoire",-9999,9999,-9999,9999,437,662,"CIV","CDI","Cote D’Ivoire"
437,"ivorycoast",-9999,9999,-9999,9999,437,662,"CIV","CDI","Cote D’Ivoire"
437,"ivorycoastcotedivoire",-9999,9999,-9999,9999,437,662,"CIV","CDI","Cote D’Ivoire"
437,"ivorycst",-9999,9999,-9999,9999,437,662,"CIV","CDI","Cote D’Ivoire"
438,"gin",-9999,9999,-9999,9999,438,656,"GIN","GUI","Guinea"
438,"guinea",-9999,9999,-9999,9999,438,656,"GIN","GUI","Guinea"
438,"guineau",-9999,9999,-9999,9999,438,656,"GIN","GUI","Guinea"
439,"bfa",-9999,9999,-9999,9999,439,748,"BFA","BFO","Burkina Faso (Upper Volta)"
439,"burkfaso",-9999,9999,-9999,9999,439,748,"BFA","BFO","Burkina Faso (Upper Volta)"
439,"burkina",-9999,9999,-9999,9999,439,748,"BFA","BFO","Burkina Faso (Upper Volta)"
439,"burkinafaso",-9999,9999,-9999,9999,439,748,"BFA","BFO","Burkina Faso (Upper Volta)"
439,"burkinafasouppervolta",-9999,9999,-9999,9999,439,748,"BFA","BFO","Burkina Faso (Upper Volta)"
439,"burknafaso",-9999,9999,-9999,9999,439,748,"BFA","BFO","Burkina Faso (Upper Volta)"
439,"uppervolta",-9999,9999,-9999,9999,439,748,"BFA","BFO","Burkina Faso (Upper Volta)"
450,"lbr",-9999,9999,-9999,9999,450,668,"LBR","LBR","Liberia"
450,"liberia",-9999,9999,-9999,9999,450,668,"LBR","LBR","Liberia"
451,"sleone",-9999,9999,-9999,9999,451,724,"SLE","SIE","Sierra Leone"
451,"sierraleo",-9999,9999,-9999,9999,451,724,"SLE","SIE","Sierra Leone"
451,"sierraleone",-9999,9999,-9999,9999,451,724,"SLE","SIE","Sierra Leone"
451,"sle",-9999,9999,-9999,9999,451,724,"SLE","SIE","Sierra Leone"
452,"gha",-9999,9999,-9999,9999,452,652,"GHA","GHA","Ghana"
452,"ghana",-9999,9999,-9999,9999,452,652,"GHA","GHA","Ghana"
461,"tgo",-9999,9999,-9999,9999,461,742,"TGO","TOG","Togo"
461,"togo",-9999,9999,-9999,9999,461,742,"TGO","TOG","Togo"
471,"cameroon",-9999,9999,-9999,9999,471,622,"CMR","CAO","Cameroon"
471,"cameroun",-9999,9999,-9999,9999,471,622,"CMR","CAO","Cameroon"
471,"cmr",-9999,9999,-9999,9999,471,622,"CMR","CAO","Cameroon"
475,"nga",-9999,9999,-9999,9999,475,694,"NGA","NIG","Nigeria"
475,"nigeria",-9999,9999,-9999,9999,475,694,"NGA","NIG","Nigeria"
481,"gab",-9999,9999,-9999,9999,481,646,"GAB","GAB","Gabon"
481,"gabon",-9999,9999,-9999,9999,481,646,"GAB","GAB","Gabon"
482,"car",-9999,9999,-9999,9999,482,626,"CAF","CEN","Central African Republic"
482,"caf",-9999,9999,-9999,9999,482,626,"CAF","CEN","Central African Republic"
482,"cenafremp",-9999,9999,-9999,9999,482,626,"CAF","CEN","Central African Republic"
482,"cenafrrep",-9999,9999,-9999,9999,482,626,"CAF","CEN","Central African Republic"
482,"cenafricanrep",-9999,9999,-9999,9999,482,626,"CAF","CEN","Central African Republic"
482,"centafrep",-9999,9999,-9999,9999,482,626,"CAF","CEN","Central African Republic"
482,"centafr",-9999,9999,-9999,9999,482,626,"CAF","CEN","Central African Republic"
482,"centralafrrep",-9999,9999,-9999,9999,482,626,"CAF","CEN","Central African Republic"
482,"centralafricarep",-9999,9999,-9999,9999,482,626,"CAF","CEN","Central African Republic"
482,"centralafrican",-9999,9999,-9999,9999,482,626,"CAF","CEN","Central African Republic"
482,"centralafricanrep",-9999,9999,-9999,9999,482,626,"CAF","CEN","Central African Republic"
482,"centralafricanrepub",-9999,9999,-9999,9999,482,626,"CAF","CEN","Central African Republic"
482,"centralafricanrepublic",-9999,9999,-9999,9999,482,626,"CAF","CEN","Central African Republic"
482,"centralafricnrep",-9999,9999,-9999,9999,482,626,"CAF","CEN","Central African Republic"
483,"chad",-9999,9999,-9999,9999,483,628,"TCD","CHA","Chad"
483,"tcd",-9999,9999,-9999,9999,483,628,"TCD","CHA","Chad"
484,"cog",-9999,9999,-9999,9999,484,634,"COG","CON","Congo"
484,"congo",-9999,9999,-9999,9999,484,634,"COG","CON","Congo"
484,"congobrazzaville",-9999,9999,-9999,9999,484,634,"COG","CON","Congo"
484,"congob",-9999,9999,-9999,9999,484,634,"COG","CON","Congo"
484,"congobra",-9999,9999,-9999,9999,484,634,"COG","CON","Congo"
484,"congobrazzavillerepublicofcongo",-9999,9999,-9999,9999,484,634,"COG","CON","Congo"
484,"congobrazzavillerepofcongo",-9999,9999,-9999,9999,484,634,"COG","CON","Congo"
484,"congorepublic",-9999,9999,-9999,9999,484,634,"COG","CON","Congo"
484,"congorep",-9999,9999,-9999,9999,484,634,"COG","CON","Congo"
484,"congorepublicofthe",-9999,9999,-9999,9999,484,634,"COG","CON","Congo"
484,"congobrazaville",-9999,9999,-9999,9999,484,634,"COG","CON","Congo"
484,"congobrz",-9999,9999,-9999,9999,484,634,"COG","CON","Congo"
484,"congorepof",-9999,9999,-9999,9999,484,634,"COG","CON","Congo"
484,"congorepofthe",-9999,9999,-9999,9999,484,634,"COG","CON","Congo"
484,"congorepublicof",-9999,9999,-9999,9999,484,634,"COG","CON","Congo"
484,"congorepublicofbrazzaville",-9999,9999,-9999,9999,484,634,"COG","CON","Congo"
484,"congocongorepcongorepof",-9999,9999,-9999,9999,484,634,"COG","CON","Congo"
484,"repcongo",-9999,9999,-9999,9999,484,634,"COG","CON","Congo"
484,"republicofcongo",-9999,9999,-9999,9999,484,634,"COG","CON","Congo"
484,"republicofthecongo",-9999,9999,-9999,9999,484,634,"COG","CON","Congo"
490,"cod",-9999,9999,-9999,9999,490,636,"ZAR","DRC","Congo, Democratic Republic of (Zaire)"
490,"congokinshasa",-9999,9999,-9999,9999,490,636,"ZAR","DRC","Congo, Democratic Republic of (Zaire)"
490,"congodemocraticrepublic",-9999,9999,-9999,9999,490,636,"ZAR","DRC","Congo, Democratic Republic of (Zaire)"
490,"congodrc",-9999,9999,-9999,9999,490,636,"ZAR","DRC","Congo, Democratic Republic of (Zaire)"
490,"congokin",-9999,9999,-9999,9999,490,636,"ZAR","DRC","Congo, Democratic Republic of (Zaire)"
490,"congodemrep",-9999,9999,-9999,9999,490,636,"ZAR","DRC","Congo, Democratic Republic of (Zaire)"
490,"congodemocraticrepublicof",-9999,9999,-9999,9999,490,636,"ZAR","DRC","Congo, Democratic Republic of (Zaire)"
490,"congodr",-9999,9999,-9999,9999,490,636,"ZAR","DRC","Congo, Democratic Republic of (Zaire)"
490,"congothedemocraticrepublic",-9999,9999,-9999,9999,490,636,"ZAR","DRC","Congo, Democratic Republic of (Zaire)"
490,"congodemr",-9999,9999,-9999,9999,490,636,"ZAR","DRC","Congo, Democratic Republic of (Zaire)"
490,"congodemrepof",-9999,9999,-9999,9999,490,636,"ZAR","DRC","Congo, Democratic Republic of (Zaire)"
490,"congodemocraticreof",-9999,9999,-9999,9999,490,636,"ZAR","DRC","Congo, Democratic Republic of (Zaire)"
490,"congodemocraticrepof",-9999,9999,-9999,9999,490,636,"ZAR","DRC","Congo, Democratic Republic of (Zaire)"
490,"congodemocraticrepublicofkinshasa",-9999,9999,-9999,9999,490,636,"ZAR","DRC","Congo, Democratic Republic of (Zaire)"
490,"congodemocraticrepublicofzaire",-9999,9999,-9999,9999,490,636,"ZAR","DRC","Congo, Democratic Republic of (Zaire)"
490,"congodemocraticrepublicofthe",-9999,9999,-9999,9999,490,636,"ZAR","DRC","Congo, Democratic Republic of (Zaire)"
490,"congodemocraticrepublicofthecongo",-9999,9999,-9999,9999,490,636,"ZAR","DRC","Congo, Democratic Republic of (Zaire)"
490,"congodemocraticrepublicofthezare",-9999,9999,-9999,9999,490,636,"ZAR","DRC","Congo, Democratic Republic of (Zaire)"
490,"congothedemocraticrepublicofthe",-9999,9999,-9999,9999,490,636,"ZAR","DRC","Congo, Democratic Republic of (Zaire)"
490,"congozaire",-9999,9999,-9999,9999,490,636,"ZAR","DRC","Congo, Democratic Republic of (Zaire)"
490,"drofthecongo",-9999,9999,-9999,9999,490,636,"ZAR","DRC","Congo, Democratic Republic of (Zaire)"
490,"demrepcongo",-9999,9999,-9999,9999,490,636,"ZAR","DRC","Congo, Democratic Republic of (Zaire)"
490,"demrepofcongo",-9999,9999,-9999,9999,490,636,"ZAR","DRC","Congo, Democratic Republic of (Zaire)"
490,"demrepofthecongo",-9999,9999,-9999,9999,490,636,"ZAR","DRC","Congo, Democratic Republic of (Zaire)"
490,"democraticrepublicofcongo",-9999,9999,-9999,9999,490,636,"ZAR","DRC","Congo, Democratic Republic of (Zaire)"
490,"democraticrepublicofcongozaire",-9999,9999,-9999,9999,490,636,"ZAR","DRC","Congo, Democratic Republic of (Zaire)"
490,"democraticrepublicofthecongo",-9999,9999,-9999,9999,490,636,"ZAR","DRC","Congo, Democratic Republic of (Zaire)"
490,"democraticrepublicofthecongozairecongokinshasha",-9999,9999,-9999,9999,490,636,"ZAR","DRC","Congo, Democratic Republic of (Zaire)"
490,"drcongo",-9999,9999,-9999,9999,490,636,"ZAR","DRC","Congo, Democratic Republic of (Zaire)"
490,"drcongozaire",-9999,9999,-9999,9999,490,636,"ZAR","DRC","Congo, Democratic Republic of (Zaire)"
490,"thedemocraticrepublicofcongo",-9999,9999,-9999,9999,490,636,"ZAR","DRC","Congo, Democratic Republic of (Zaire)"
490,"thedemocraticrepublicofthecongo",-9999,9999,-9999,9999,490,636,"ZAR","DRC","Congo, Democratic Republic of (Zaire)"
490,"zaire",-9999,9999,-9999,9999,490,636,"ZAR","DRC","Congo, Democratic Republic of (Zaire)"
490,"zairecongoafter1997",1997,9999,-9999,9999,490,636,"ZAR","DRC","Congo, Democratic Republic of (Zaire)"
490,"zairedemrepcongo",-9999,9999,-9999,9999,490,636,"ZAR","DRC","Congo, Democratic Republic of (Zaire)"
490,"zairedemocrepubliccongo",-9999,9999,-9999,9999,490,636,"ZAR","DRC","Congo, Democratic Republic of (Zaire)"
490,"zairecongodemrep",-9999,9999,-9999,9999,490,636,"ZAR","DRC","Congo, Democratic Republic of (Zaire)"
490,"zar",-9999,9999,-9999,9999,490,636,"ZAR","DRC","Congo, Democratic Republic of (Zaire)"
500,"nogeria",-9999,9999,-9999,9999,500,746,"UGA","UGA","Uganda"
500,"uga",-9999,9999,-9999,9999,500,746,"UGA","UGA","Uganda"
500,"uganda",-9999,9999,-9999,9999,500,746,"UGA","UGA","Uganda"
500,"ugandan",-9999,9999,-9999,9999,500,746,"UGA","UGA","Uganda"
501,"ken",-9999,9999,-9999,9999,501,664,"KEN","KEN","Kenya"
501,"kenya",-9999,9999,-9999,9999,501,664,"KEN","KEN","Kenya"
510,"tanganyika",-9999,9999,-9999,9999,510,738,"TZA","TAZ","Tanzania/Tanganyika"
510,"tanzania",-9999,9999,-9999,9999,510,738,"TZA","TAZ","Tanzania/Tanganyika"
510,"tanzaniatanganyika",-9999,9999,-9999,9999,510,738,"TZA","TAZ","Tanzania/Tanganyika"
510,"tanzaniaunirep",-9999,9999,-9999,9999,510,738,"TZA","TAZ","Tanzania/Tanganyika"
510,"tanzaniaunitedrepublicof",-9999,9999,-9999,9999,510,738,"TZA","TAZ","Tanzania/Tanganyika"
510,"tanzaniaunitedrepof",-9999,9999,-9999,9999,510,738,"TZA","TAZ","Tanzania/Tanganyika"
510,"tza",-9999,9999,-9999,9999,510,738,"TZA","TAZ","Tanzania/Tanganyika"
510,"uroftanzaniamainland",-9999,9999,-9999,9999,510,738,"TZA","TAZ","Tanzania/Tanganyika"
510,"unitedrepoftanzania",-9999,9999,-9999,9999,510,738,"TZA","TAZ","Tanzania/Tanganyika"
510,"unitedrepublicoftanzania",-9999,9999,-9999,9999,510,738,"TZA","TAZ","Tanzania/Tanganyika"
511,"zanzibar",-9999,9999,-9999,9999,511,NA,NA,"ZAN","Zanzibar"
516,"bdi",-9999,9999,-9999,9999,516,618,"BDI","BUI","Burundi"
516,"burundi",-9999,9999,-9999,9999,516,618,"BDI","BUI","Burundi"
517,"rwa",-9999,9999,-9999,9999,517,714,"RWA","RWA","Rwanda"
517,"rwanda",-9999,9999,-9999,9999,517,714,"RWA","RWA","Rwanda"
520,"som",-9999,9999,-9999,9999,520,726,"SOM","SOM","Somalia"
520,"somalia",-9999,9999,-9999,9999,520,726,"SOM","SOM","Somalia"
522,"dji",-9999,9999,-9999,9999,522,611,"DJI","DJI","Djibouti"
522,"djibouti",-9999,9999,-9999,9999,522,611,"DJI","DJI","Djibouti"
530,"abyssinia",-9999,9999,-9999,9999,530,644,"ETH","ETH","Ethiopia"
530,"eth",-9999,9999,-9999,9999,530,644,"ETH","ETH","Ethiopia"
530,"ethpiapdr",-9999,9999,-9999,9999,530,644,"ETH","ETH","Ethiopia"
530,"ethiopia",-9999,9999,-9999,9999,530,644,"ETH","ETH","Ethiopia"
530,"ethiopia1992",-9999,1992,-9999,9999,530,644,"ETH","ETH","Ethiopia"
530,"ethiopia1991",-9999,1991,-9999,9999,530,644,"ETH","ETH","Ethiopia"
530,"ethiopia1993",1993,9999,-9999,9999,530,644,"ETH","ETH","Ethiopia"
530,"ethiopiaformer",-9999,9999,-9999,9999,530,644,"ETH","ETH","Ethiopia"
530,"ethiopiaunited",-9999,9999,-9999,9999,530,644,"ETH","ETH","Ethiopia"
530,"ethiopiaincludingeritrea",-9999,9999,-9999,9999,530,644,"ETH","ETH","Ethiopia"
531,"eri",-9999,9999,-9999,9999,531,643,"ERI","ERI","Eritrea"
531,"eritrea",-9999,9999,-9999,9999,531,643,"ERI","ERI","Eritrea"
540,"ago",-9999,9999,-9999,9999,540,614,"AGO","ANG","Angola"
540,"angola",-9999,9999,-9999,9999,540,614,"AGO","ANG","Angola"
541,"moz",-9999,9999,-9999,9999,541,688,"MOZ","MZM","Mozambique"
541,"mozamb",-9999,9999,-9999,9999,541,688,"MOZ","MZM","Mozambique"
541,"mozambique",-9999,9999,-9999,9999,541,688,"MOZ","MZM","Mozambique"
551,"zambia",-9999,9999,-9999,9999,551,754,"ZMB","ZAM","Zambia"
551,"zmb",-9999,9999,-9999,9999,551,754,"ZMB","ZAM","Zambia"
552,"rhodesia",-9999,9999,-9999,9999,552,698,"ZWE","ZIM","Zimbabwe (Rhodesia)"
552,"rhodesias",-9999,9999,-9999,9999,552,698,"ZWE","ZIM","Zimbabwe (Rhodesia)"
552,"zimbabwe",-9999,9999,-9999,9999,552,698,"ZWE","ZIM","Zimbabwe (Rhodesia)"
552,"zimbabwerhodesia",-9999,9999,-9999,9999,552,698,"ZWE","ZIM","Zimbabwe (Rhodesia)"
552,"zwe",-9999,9999,-9999,9999,552,698,"ZWE","ZIM","Zimbabwe (Rhodesia)"
553,"malawi",-9999,9999,-9999,9999,553,676,"MWI","MAW","Malawi"
553,"mwi",-9999,9999,-9999,9999,553,676,"MWI","MAW","Malawi"
560,"safrica",-9999,9999,-9999,9999,560,199,"ZAF","SAF","South Africa"
560,"soafrica",-9999,9999,-9999,9999,560,199,"ZAF","SAF","South Africa"
560,"southafrica",-9999,9999,-9999,9999,560,199,"ZAF","SAF","South Africa"
560,"zaf",-9999,9999,-9999,9999,560,199,"ZAF","SAF","South Africa"
563,"transvaal",-9999,9999,-9999,9999,NA,NA,NA,"TRA","Transvaal"
564,"orangefreestate",-9999,9999,-9999,9999,NA,NA,NA,"OFS","Orange Free State"
565,"nam",-9999,9999,-9999,9999,565,728,"NAM","NAM","Namibia"
565,"namibia",-9999,9999,-9999,9999,565,728,"NAM","NAM","Namibia"
570,"lesotho",-9999,9999,-9999,9999,570,666,"LSO","LES","Lesotho"
570,"lso",-9999,9999,-9999,9999,570,666,"LSO","LES","Lesotho"
571,"botswana",-9999,9999,-9999,9999,571,616,"BWA","BOT","Botswana"
571,"bwa",-9999,9999,-9999,9999,571,616,"BWA","BOT","Botswana"
572,"swazil",-9999,9999,-9999,9999,572,734,"SWZ","SWA","Swaziland"
572,"swaziland",-9999,9999,-9999,9999,572,734,"SWZ","SWA","Swaziland"
572,"swz",-9999,9999,-9999,9999,572,734,"SWZ","SWA","Swaziland"
580,"madagas",-9999,9999,-9999,9999,580,674,"MDG","MAG","Madagascar"
580,"madagascar",-9999,9999,-9999,9999,580,674,"MDG","MAG","Madagascar"
580,"madagascarmalagasyrepublic",-9999,9999,-9999,9999,580,674,"MDG","MAG","Madagascar"
580,"madagascarmalagasy",-9999,9999,-9999,9999,580,674,"MDG","MAG","Madagascar"
580,"malagasyr",-9999,9999,-9999,9999,580,674,"MDG","MAG","Madagascar"
580,"mdg",-9999,9999,-9999,9999,580,674,"MDG","MAG","Madagascar"
581,"com",-9999,9999,-9999,9999,581,632,"COM","COM","Comoros"
581,"comorois",-9999,9999,-9999,9999,581,632,"COM","COM","Comoros"
581,"comoros",-9999,9999,-9999,9999,581,632,"COM","COM","Comoros"
590,"mauritius",-9999,9999,-9999,9999,590,684,"MUS","MAS","Mauritius"
590,"mus",-9999,9999,-9999,9999,590,684,"MUS","MAS","Mauritius"
591,"seychelle",-9999,9999,-9999,9999,591,718,"SYC","SEY","Seychelles"
591,"seychelles",-9999,9999,-9999,9999,591,718,"SYC","SEY","Seychelles"
591,"seychellss",-9999,9999,-9999,9999,591,718,"SYC","SEY","Seychelles"
591,"syc",-9999,9999,-9999,9999,591,718,"SYC","SEY","Seychelles"
600,"mar",-9999,9999,-9999,9999,600,686,"MAR","MOR","Morocco"
600,"morocco",-9999,9999,-9999,9999,600,686,"MAR","MOR","Morocco"
615,"algeria",-9999,9999,-9999,9999,615,612,"DZA","ALG","Algeria"
615,"dza",-9999,9999,-9999,9999,615,612,"DZA","ALG","Algeria"
616,"tun",-9999,9999,-9999,9999,616,744,"TUN","TUN","Tunisia"
616,"tunisia",-9999,9999,-9999,9999,616,744,"TUN","TUN","Tunisia"
620,"lby",-9999,9999,-9999,9999,620,672,"LBY","LIB","Libya"
620,"libya",-9999,9999,-9999,9999,620,672,"LBY","LIB","Libya"
620,"libyaarabjamahiriy",-9999,9999,-9999,9999,620,672,"LBY","LIB","Libya"
620,"libyanarabjam",-9999,9999,-9999,9999,620,672,"LBY","LIB","Libya"
620,"libyanarabjamah",-9999,9999,-9999,9999,620,672,"LBY","LIB","Libya"
620,"libyanarabjamahiriya",-9999,9999,-9999,9999,620,672,"LBY","LIB","Libya"
625,"northsudan",-9999,9999,-9999,9999,625,732,"SDN","SUD","Sudan"
625,"republicofthesudan",-9999,9999,-9999,9999,625,732,"SDN","SUD","Sudan"
625,"sdn",-9999,9999,-9999,9999,625,732,"SDN","SUD","Sudan"
625,"sudan",-9999,9999,-9999,9999,625,732,"SDN","SUD","Sudan"
625,"sudan2011",-9999,9999,-9999,9999,625,732,"SDN","SUD","Sudan"
625,"sudanformer",-9999,9999,-9999,9999,625,732,"SDN","SUD","Sudan"
625,"sudannorth",-9999,9999,-9999,9999,625,732,"SDN","SUD","Sudan"
625,"sudanincludingsouthsudan",-9999,9999,-9999,9999,625,732,"SDN","SUD","Sudan"
626,"ssudan",2011,9999,-9999,9999,626,733,NA,"SSD","South Sudan"
626,"southsudan",2011,9999,-9999,9999,626,733,NA,"SSD","South Sudan"
626,"ssd",2011,9999,-9999,9999,626,733,NA,"SSD","South Sudan"
626,"sudansouth",2011,9999,-9999,9999,626,733,NA,"SSD","South Sudan"
630,"iran",-9999,9999,-9999,9999,630,429,"IRN","IRN","Iran (Persia)"
630,"iranislamicrepof",-9999,9999,-9999,9999,630,429,"IRN","IRN","Iran (Persia)"
630,"iranislamicrepublicof",-9999,9999,-9999,9999,630,429,"IRN","IRN","Iran (Persia)"
630,"iranpersia",-9999,9999,-9999,9999,630,429,"IRN","IRN","Iran (Persia)"
630,"iranislamrep",-9999,9999,-9999,9999,630,429,"IRN","IRN","Iran (Persia)"
630,"iranirof",-9999,9999,-9999,9999,630,429,"IRN","IRN","Iran (Persia)"
630,"iranislamicrep",-9999,9999,-9999,9999,630,429,"IRN","IRN","Iran (Persia)"
630,"iranislamicrepublicofiran",-9999,9999,-9999,9999,630,429,"IRN","IRN","Iran (Persia)"
630,"irn",-9999,9999,-9999,9999,630,429,"IRN","IRN","Iran (Persia)"
630,"islamicrepofiran",-9999,9999,-9999,9999,630,429,"IRN","IRN","Iran (Persia)"
630,"islamicrepublicofiran",-9999,9999,-9999,9999,630,429,"IRN","IRN","Iran (Persia)"
630,"persia",-9999,9999,-9999,9999,630,429,"IRN","IRN","Iran (Persia)"
640,"ottomanemp",-9999,9999,-9999,9999,640,186,"TUR","TUR","Turkey (Ottoman Empire)"
640,"ottomanempire",-9999,9999,-9999,9999,640,186,"TUR","TUR","Turkey (Ottoman Empire)"
640,"tur",-9999,9999,-9999,9999,640,186,"TUR","TUR","Turkey (Ottoman Empire)"
640,"turkey",-9999,9999,-9999,9999,640,186,"TUR","TUR","Turkey (Ottoman Empire)"
640,"turkeyottomanempire",-9999,9999,-9999,9999,640,186,"TUR","TUR","Turkey (Ottoman Empire)"
645,"iraq",-9999,9999,-9999,9999,645,433,"IRQ","IRQ","Iraq"
645,"iraqcentraliraq",-9999,9999,-9999,9999,645,433,"IRQ","IRQ","Iraq"
645,"irq",-9999,9999,-9999,9999,645,433,"IRQ","IRQ","Iraq"
651,"egy",-9999,9999,-9999,9999,651,469,"EGY","EGY","Egypt"
651,"egypt",-9999,9999,-9999,9999,651,469,"EGY","EGY","Egypt"
651,"egyptarabrep",-9999,9999,-9999,9999,651,469,"EGY","EGY","Egypt"
651,"egyptarabrepublicof",-9999,9999,-9999,9999,651,469,"EGY","EGY","Egypt"
651,"uar",-9999,9999,-9999,9999,651,469,"EGY","EGY","Egypt"
652,"syr",-9999,9999,-9999,9999,652,463,"SYR","SYR","Syria"
652,"syria",-9999,9999,-9999,9999,652,463,"SYR","SYR","Syria"
652,"syrianarabrep",-9999,9999,-9999,9999,652,463,"SYR","SYR","Syria"
652,"syrianarabrepublic",-9999,9999,-9999,9999,652,463,"SYR","SYR","Syria"
652,"syrianarabrepublicsyria",-9999,9999,-9999,9999,652,463,"SYR","SYR","Syria"
660,"lbn",-9999,9999,-9999,9999,660,446,"LBN","LEB","Lebanon"
660,"lebanon",-9999,9999,-9999,9999,660,446,"LBN","LEB","Lebanon"
663,"jor",-9999,9999,-9999,9999,663,439,"JOR","JOR","Jordan"
663,"jordan",-9999,9999,-9999,9999,663,439,"JOR","JOR","Jordan"
666,"isr",-9999,9999,-9999,9999,666,436,"ISR","ISR","Israel"
666,"israel",-9999,9999,-9999,9999,666,436,"ISR","ISR","Israel"
666,"israelandoccupiedterritories",-9999,9999,-9999,9999,666,436,"ISR","ISR","Israel"
670,"sauarabia",-9999,9999,-9999,9999,670,456,"SAU","SAU","Saudi Arabia"
670,"sau",-9999,9999,-9999,9999,670,456,"SAU","SAU","Saudi Arabia"
670,"saudiarabia",-9999,9999,-9999,9999,670,456,"SAU","SAU","Saudi Arabia"
678,"northyemen",-9999,1990,-9999,9999,678,459,"YEM","YEM","Yemen (Arab Republic of Yemen)"
678,"northyemen",1991,9999,-9999,9999,679,474,"YEM","YEM","Yemen (Arab Republic of Yemen)"
678,"yem",-9999,1990,-9999,9999,678,459,"YEM","YEM","Yemen (Arab Republic of Yemen)"
678,"yem",1991,9999,-9999,9999,679,474,"YEM","YEM","Yemen (Arab Republic of Yemen)"
678,"yemen",-9999,1990,-9999,9999,678,459,"YEM","YEM","Yemen (Arab Republic of Yemen)"
678,"yemen",1991,9999,-9999,9999,679,474,"YEM","YEM","Yemen (Arab Republic of Yemen)"
678,"yemenar",-9999,1990,-9999,9999,678,459,"YEM","YEM","Yemen (Arab Republic of Yemen)"
678,"yemenar",1991,9999,-9999,9999,679,474,"YEM","YEM","Yemen (Arab Republic of Yemen)"
678,"yemenarabrepublicofyemen",-9999,1990,-9999,9999,678,459,"YEM","YEM","Yemen (Arab Republic of Yemen)"
678,"yemenarabrepublicofyemen",1991,9999,-9999,9999,679,474,"YEM","YEM","Yemen (Arab Republic of Yemen)"
678,"yemennorthyemen",-9999,1990,-9999,9999,678,459,"YEM","YEM","Yemen (Arab Republic of Yemen)"
678,"yemennorthyemen",1991,9999,-9999,9999,679,474,"YEM","YEM","Yemen (Arab Republic of Yemen)"
678,"yemenarabrep",-9999,1990,-9999,9999,678,459,"YEM","YEM","Yemen (Arab Republic of Yemen)"
678,"yemenarabrep",1991,9999,-9999,9999,679,474,"YEM","YEM","Yemen (Arab Republic of Yemen)"
678,"yemenarabrepnorthyemen",-9999,1990,-9999,9999,678,459,"YEM","YEM","Yemen (Arab Republic of Yemen)"
678,"yemenarabrepnorthyemen",1991,9999,-9999,9999,679,474,"YEM","YEM","Yemen (Arab Republic of Yemen)"
678,"yemenarabrepublic",-9999,1990,-9999,9999,678,459,"YEM","YEM","Yemen (Arab Republic of Yemen)"
678,"yemenarabrepublic",1991,9999,-9999,9999,679,474,"YEM","YEM","Yemen (Arab Republic of Yemen)"
678,"yemennorth",-9999,1990,-9999,9999,678,459,"YEM","YEM","Yemen (Arab Republic of Yemen)"
678,"yemennorth",1991,9999,-9999,9999,679,474,"YEM","YEM","Yemen (Arab Republic of Yemen)"
678,"yemenrep",-9999,1990,-9999,9999,678,459,"YEM","YEM","Yemen (Arab Republic of Yemen)"
678,"yemenrep",1991,9999,-9999,9999,679,474,"YEM","YEM","Yemen (Arab Republic of Yemen)"
678,"yemendemrepsouthyemen",-9999,1990,-9999,9999,678,459,"YEM","YEM","Yemen (Arab Republic of Yemen)"
678,"yemendemrepsouthyemen",1991,9999,-9999,9999,679,474,"YEM","YEM","Yemen (Arab Republic of Yemen)"
678,"yemenn",-9999,1990,-9999,9999,678,459,"YEM","YEM","Yemen (Arab Republic of Yemen)"
678,"yemenn",1991,9999,-9999,9999,679,474,"YEM","YEM","Yemen (Arab Republic of Yemen)"
678,"yemenpdrep",-9999,1990,-9999,9999,678,459,"YEM","YEM","Yemen (Arab Republic of Yemen)"
678,"yemenpdrep",1991,9999,-9999,9999,679,474,"YEM","YEM","Yemen (Arab Republic of Yemen)"
678,"yemenrepublicof",-9999,1990,-9999,9999,678,459,"YEM","YEM","Yemen (Arab Republic of Yemen)"
678,"yemenrepublicof",1991,9999,-9999,9999,679,474,"YEM","YEM","Yemen (Arab Republic of Yemen)"
680,"syemen",-9999,9999,-9999,9999,680,NA,"YMD","YPR","Yemen, People's Republic of"
680,"southyemen",-9999,9999,-9999,9999,680,NA,"YMD","YPR","Yemen, People's Republic of"
680,"yemenpdr",-9999,9999,-9999,9999,680,NA,"YMD","YPR","Yemen, People's Republic of"
680,"yemenpdemrep",-9999,9999,-9999,9999,680,NA,"YMD","YPR","Yemen, People's Republic of"
680,"yemenpdrsouth",-9999,9999,-9999,9999,680,NA,"YMD","YPR","Yemen, People's Republic of"
680,"yemenpeoprep",-9999,9999,-9999,9999,680,NA,"YMD","YPR","Yemen, People's Republic of"
680,"yemenpeoplesrepublic",-9999,9999,-9999,9999,680,NA,"YMD","YPR","Yemen, People's Republic of"
680,"yemensouth",-9999,9999,-9999,9999,680,NA,"YMD","YPR","Yemen, People's Republic of"
680,"yemendemocratic",-9999,9999,-9999,9999,680,NA,"YMD","YPR","Yemen, People's Republic of"
680,"yemendr",-9999,9999,-9999,9999,680,NA,"YMD","YPR","Yemen, People's Republic of"
680,"yemenpeoplesdemocratic",-9999,9999,-9999,9999,680,NA,"YMD","YPR","Yemen, People's Republic of"
680,"yemenpeoplesrepublicof",-9999,9999,-9999,9999,680,NA,"YMD","YPR","Yemen, People's Republic of"
680,"yemens",-9999,9999,-9999,9999,680,NA,"YMD","YPR","Yemen, People's Republic of"
690,"kuwait",-9999,9999,-9999,9999,690,443,"KWT","KUW","Kuwait"
690,"kwt",-9999,9999,-9999,9999,690,443,"KWT","KUW","Kuwait"
692,"bahrain",-9999,9999,-9999,9999,692,419,"BHR","BAH","Bahrain"
692,"bahrainkingdomof",-9999,9999,-9999,9999,692,419,"BHR","BAH","Bahrain"
692,"bahrein",-9999,9999,-9999,9999,692,419,"BHR","BAH","Bahrain"
692,"bhr",-9999,9999,-9999,9999,692,419,"BHR","BAH","Bahrain"
694,"qat",-9999,9999,-9999,9999,694,453,"QAT","QAT","Qatar"
694,"qatar",-9999,9999,-9999,9999,694,453,"QAT","QAT","Qatar"
696,"are",-9999,9999,-9999,9999,696,466,"ARE","UAE","United Arab Emirates"
696,"uarabemirates",-9999,9999,-9999,9999,696,466,"ARE","UAE","United Arab Emirates"
696,"uae",-9999,9999,-9999,9999,696,466,"ARE","UAE","United Arab Emirates"
696,"uaemirates",-9999,9999,-9999,9999,696,466,"ARE","UAE","United Arab Emirates"
696,"uaeunitedarabemirates",-9999,9999,-9999,9999,696,466,"ARE","UAE","United Arab Emirates"
696,"unarabem",-9999,9999,-9999,9999,696,466,"ARE","UAE","United Arab Emirates"
696,"unitarabem",-9999,9999,-9999,9999,696,466,"ARE","UAE","United Arab Emirates"
696,"unitedarabemirates",-9999,9999,-9999,9999,696,466,"ARE","UAE","United Arab Emirates"
698,"oman",-9999,9999,-9999,9999,698,449,"OMN","OMA","Oman"
698,"omn",-9999,9999,-9999,9999,698,449,"OMN","OMA","Oman"
700,"afg",-9999,9999,-9999,9999,700,512,"AFG","AFG","Afghanistan"
700,"afganistan",-9999,9999,-9999,9999,700,512,"AFG","AFG","Afghanistan"
700,"afghanistan",-9999,9999,-9999,9999,700,512,"AFG","AFG","Afghanistan"
700,"afghanistanirof",-9999,9999,-9999,9999,700,512,"AFG","AFG","Afghanistan"
700,"afghanistanisof",-9999,9999,-9999,9999,700,512,"AFG","AFG","Afghanistan"
700,"afghanistanislamicrepofafghanistan",-9999,9999,-9999,9999,700,512,"AFG","AFG","Afghanistan"
700,"afghanistanislamicrepublicof",-9999,9999,-9999,9999,700,512,"AFG","AFG","Afghanistan"
700,"afghanistan1992",1992,9999,-9999,9999,700,512,"AFG","AFG","Afghanistan"
701,"tkm",-9999,9999,-9999,9999,701,925,"TKM","TKM","Turkmenistan"
701,"turkmenistan",-9999,9999,-9999,9999,701,925,"TKM","TKM","Turkmenistan"
701,"turkmenstan",-9999,9999,-9999,9999,701,925,"TKM","TKM","Turkmenistan"
702,"tajikistan",-9999,9999,-9999,9999,702,923,"TJK","TAJ","Tajikistan"
702,"tjk",-9999,9999,-9999,9999,702,923,"TJK","TAJ","Tajikistan"
703,"kgz",-9999,9999,-9999,9999,703,917,"KGZ","KYR","Kyrgyz Republic"
703,"kyrgyzrep",-9999,9999,-9999,9999,703,917,"KGZ","KYR","Kyrgyz Republic"
703,"kyrgyzrepublic",-9999,9999,-9999,9999,703,917,"KGZ","KYR","Kyrgyz Republic"
703,"kyrgyzrepublickyrgyzstan",-9999,9999,-9999,9999,703,917,"KGZ","KYR","Kyrgyz Republic"
703,"kyrgyzstan",-9999,9999,-9999,9999,703,917,"KGZ","KYR","Kyrgyz Republic"
704,"uzb",-9999,9999,-9999,9999,704,927,"UZB","UZB","Uzbekistan"
704,"uzbekistan",-9999,9999,-9999,9999,704,927,"UZB","UZB","Uzbekistan"
705,"kaz",-9999,9999,-9999,9999,705,916,"KAZ","KZK","Kazakhstan"
705,"kazakhstan",-9999,9999,-9999,9999,705,916,"KAZ","KZK","Kazakhstan"
705,"kazakstan",-9999,9999,-9999,9999,705,916,"KAZ","KZK","Kazakhstan"
705,"khazakhstan",-9999,9999,-9999,9999,705,916,"KAZ","KZK","Kazakhstan"
708,"chinahongkongsar",-9999,9999,-9999,9999,NA,532,NA,NA,"Hong Kong"
708,"chinahongkongspecialadministrativeregion",-9999,9999,-9999,9999,NA,532,NA,NA,"Hong Kong"
708,"chinaprhongkong",-9999,9999,-9999,9999,NA,532,NA,NA,"Hong Kong"
708,"hkong",-9999,9999,-9999,9999,NA,532,NA,NA,"Hong Kong"
708,"hkg",-9999,9999,-9999,9999,NA,532,NA,NA,"Hong Kong"
708,"hongkong",-9999,9999,-9999,9999,NA,532,NA,NA,"Hong Kong"
708,"hongkongchina",-9999,9999,-9999,9999,NA,532,NA,NA,"Hong Kong"
708,"hongkongsarchina",-9999,9999,-9999,9999,NA,532,NA,NA,"Hong Kong"
708,"hongkongsar",-9999,9999,-9999,9999,NA,532,NA,NA,"Hong Kong"
708,"hongkongspecialadministrativeregionofchina",-9999,9999,-9999,9999,NA,532,NA,NA,"Hong Kong"
708,"hongkongchinasar",-9999,9999,-9999,9999,NA,532,NA,NA,"Hong Kong"
709,"chinamacaosar",-9999,9999,-9999,9999,NA,546,"MAC",NA,"Macao"
709,"chinamacaospecialadministrativeregion",-9999,9999,-9999,9999,NA,546,"MAC",NA,"Macao"
709,"chinaprmacao",-9999,9999,-9999,9999,NA,546,"MAC",NA,"Macao"
709,"mac",-9999,9999,-9999,9999,NA,546,"MAC",NA,"Macao"
709,"macao",-9999,9999,-9999,9999,NA,546,"MAC",NA,"Macao"
709,"macaosarchina",-9999,9999,-9999,9999,NA,546,"MAC",NA,"Macao"
709,"macaospecialadministrativeregionofchina",-9999,9999,-9999,9999,NA,546,"MAC",NA,"Macao"
709,"macaochina",-9999,9999,-9999,9999,NA,546,"MAC",NA,"Macao"
709,"macaochinasar",-9999,9999,-9999,9999,NA,546,"MAC",NA,"Macao"
709,"macau",-9999,9999,-9999,9999,NA,546,"MAC",NA,"Macao"
709,"macausarchina",-9999,9999,-9999,9999,NA,546,"MAC",NA,"Macao"
710,"china",-9999,9999,-9999,9999,710,924,"CHN","CHN","China"
710,"chinaincludestibethongkongandmacau",-9999,9999,-9999,9999,710,924,"CHN","CHN","China"
710,"chinaprc",-9999,9999,-9999,9999,710,924,"CHN","CHN","China"
710,"chinaprep",-9999,9999,-9999,9999,710,924,"CHN","CHN","China"
710,"chinapr",-9999,9999,-9999,9999,710,924,"CHN","CHN","China"
710,"chinarep",-9999,9999,-9999,9999,710,924,"CHN","CHN","China"
710,"chinapeoplesrep",-9999,9999,-9999,9999,710,924,"CHN","CHN","China"
710,"chinaprmainland",-9999,9999,-9999,9999,710,924,"CHN","CHN","China"
710,"chn",-9999,9999,-9999,9999,710,924,"CHN","CHN","China"
710,"prc",-9999,9999,-9999,9999,710,924,"CHN","CHN","China"
711,"tibet",-9999,9999,-9999,9999,NA,NA,NA,"TBT","Tibet"
712,"mng",-9999,9999,-9999,9999,712,948,"MNG","MON","Mongolia"
712,"mongolia",-9999,9999,-9999,9999,712,948,"MNG","MON","Mongolia"
713,"chinataiwanprovinceof",-9999,9999,-9999,9999,713,528,"TWN","TAW","Taiwan"
713,"chinesetaipei",-9999,9999,-9999,9999,713,528,"TWN","TAW","Taiwan"
713,"tai",-9999,9999,-9999,9999,713,528,"TWN","TAW","Taiwan"
713,"taiwan",-9999,9999,-9999,9999,713,528,"TWN","TAW","Taiwan"
713,"taiwanchina",-9999,9999,-9999,9999,713,528,"TWN","TAW","Taiwan"
713,"taiwanroc",-9999,9999,-9999,9999,713,528,"TWN","TAW","Taiwan"
713,"taiwanprovinceofchina",-9999,9999,-9999,9999,713,528,"TWN","TAW","Taiwan"
713,"taiwanrepublicofchinaon",-9999,9999,-9999,9999,713,528,"TWN","TAW","Taiwan"
713,"twn",-9999,9999,-9999,9999,713,528,"TWN","TAW","Taiwan"
730,"kor",-9999,9999,-9999,9999,730,NA,NA,"KOR","Korea"
730,"korea",-9999,1947,-9999,9999,730,NA,NA,"KOR","Korea"
731,"dempeoplesrepkorea",1948,9999,-9999,9999,731,954,"PRK","PRK","Korea, People's Republic of"
731,"dempeoplesrepofkorea",1948,9999,-9999,9999,731,954,"PRK","PRK","Korea, People's Republic of"
731,"dempeoplesrepublicofkorea",1984,9999,-9999,9999,731,954,"PRK","PRK","Korea, People's Republic of"
731,"democraticpeoplesrepublicofkorea",1948,9999,-9999,9999,731,954,"PRK","PRK","Korea, People's Republic of"
731,"dprkorea",1948,9999,-9999,9999,731,954,"PRK","PRK","Korea, People's Republic of"
731,"koreanorth",1948,9999,-9999,9999,731,954,"PRK","PRK","Korea, People's Republic of"
731,"koreademprep",1948,9999,-9999,9999,731,954,"PRK","PRK","Korea, People's Republic of"
731,"koreademocraticpeoplesrepu",1948,9999,-9999,9999,731,954,"PRK","PRK","Korea, People's Republic of"
731,"korean",1948,9999,-9999,9999,731,954,"PRK","PRK","Korea, People's Republic of"
731,"koreapr",1948,9999,-9999,9999,731,954,"PRK","PRK","Korea, People's Republic of"
731,"koreadempeoplesrep",1948,9999,-9999,9999,731,954,"PRK","PRK","Korea, People's Republic of"
731,"koreadempeoplesrepof",1948,9999,-9999,9999,731,954,"PRK","PRK","Korea, People's Republic of"
731,"koreadempeoplesrepublicofnorthkorea",1948,9999,-9999,9999,731,954,"PRK","PRK","Korea, People's Republic of"
731,"koreademrep",1948,9999,-9999,9999,731,954,"PRK","PRK","Korea, People's Republic of"
731,"koreademocraticpeoplesrepof",1948,9999,-9999,9999,731,954,"PRK","PRK","Korea, People's Republic of"
731,"koreademocraticpeoplesrepublic",1948,9999,-9999,9999,731,954,"PRK","PRK","Korea, People's Republic of"
731,"koreademocraticpeoplesrepublicof",1948,9999,-9999,9999,731,954,"PRK","PRK","Korea, People's Republic of"
731,"koreademocraticrepublicof",1948,9999,-9999,9999,731,954,"PRK","PRK","Korea, People's Republic of"
731,"koreadpr",1948,9999,-9999,9999,731,954,"PRK","PRK","Korea, People's Republic of"
731,"nkorea",1948,9999,-9999,9999,731,954,"PRK","PRK","Korea, People's Republic of"
731,"northkorea",1948,9999,-9999,9999,731,954,"PRK","PRK","Korea, People's Republic of"
731,"northkoreademocratcpeoplesrepublicofkorea",1948,9999,-9999,9999,731,954,"PRK","PRK","Korea, People's Republic of"
731,"prk",1948,9999,-9999,9999,731,954,"PRK","PRK","Korea, People's Republic of"
732,"kor",1948,9999,-9999,9999,732,542,"KOR","ROK","Korea, Republic of"
732,"koreasouth",1948,9999,-9999,9999,732,542,"KOR","ROK","Korea, Republic of"
732,"korearep",1948,9999,-9999,9999,732,542,"KOR","ROK","Korea, Republic of"
732,"korearepof",1948,9999,-9999,9999,732,542,"KOR","ROK","Korea, Republic of"
732,"korearepublicof",1948,9999,-9999,9999,732,542,"KOR","ROK","Korea, Republic of"
732,"koreas",1948,9999,-9999,9999,732,542,"KOR","ROK","Korea, Republic of"
732,"korearepublic",1948,9999,-9999,9999,732,542,"KOR","ROK","Korea, Republic of"
732,"korearepublicofsouthkorea",1948,9999,-9999,9999,732,542,"KOR","ROK","Korea, Republic of"
732,"repofkorea",1948,9999,-9999,9999,732,542,"KOR","ROK","Korea, Republic of"
732,"republicofkorea",1948,9999,-9999,9999,732,542,"KOR","ROK","Korea, Republic of"
732,"rok",1948,9999,-9999,9999,732,542,"KOR","ROK","Korea, Republic of"
732,"southkorea",1948,9999,-9999,9999,732,542,"KOR","ROK","Korea, Republic of"
732,"southkorearepublicofkorea",1948,9999,-9999,9999,732,542,"KOR","ROK","Korea, Republic of"
740,"japan",-9999,9999,-9999,9999,740,158,"JPN","JPN","Japan"
740,"jpn",-9999,9999,-9999,9999,740,158,"JPN","JPN","Japan"
750,"ind",-9999,9999,-9999,9999,750,534,"IND","IND","India"
750,"india",-9999,9999,-9999,9999,750,534,"IND","IND","India"
760,"bhutan",-9999,9999,-9999,9999,760,514,"BTN","BHU","Bhutan"
760,"btn",-9999,9999,-9999,9999,760,514,"BTN","BHU","Bhutan"
770,"pak",-9999,9999,-9999,9999,770,564,"PAK","PAK","Pakistan"
770,"pakistan",-9999,9999,-9999,9999,770,564,"PAK","PAK","Pakistan"
770,"pakistan1971",-9999,1971,-9999,9999,770,564,"PAK","PAK","Pakistan"
770,"pakistan1972",1972,9999,-9999,9999,770,564,"PAK","PAK","Pakistan"
770,"pakistanunited",-9999,9999,-9999,9999,770,564,"PAK","PAK","Pakistan"
770,"pakistanincludingeastpakistan",-9999,9999,-9999,9999,770,564,"PAK","PAK","Pakistan"
770,"pakistan19471971",1947,1971,-9999,9999,770,564,"PAK","PAK","Pakistan"
771,"banglad",-9999,9999,-9999,9999,771,513,"BGD","BNG","Bangladesh"
771,"bangladesh",-9999,9999,-9999,9999,771,513,"BGD","BNG","Bangladesh"
771,"bgd",-9999,9999,-9999,9999,771,513,"BGD","BNG","Bangladesh"
775,"burma",-9999,9999,-9999,9999,775,518,"MMR","MYA","Myanmar (Burma)"
775,"burmamyanmar",-9999,9999,-9999,9999,775,518,"MMR","MYA","Myanmar (Burma)"
775,"mmr",-9999,9999,-9999,9999,775,518,"MMR","MYA","Myanmar (Burma)"
775,"myanmar",-9999,9999,-9999,9999,775,518,"MMR","MYA","Myanmar (Burma)"
775,"myanmarburma",-9999,9999,-9999,9999,775,518,"MMR","MYA","Myanmar (Burma)"
780,"ceylon",-9999,9999,-9999,9999,780,524,"LKA","SRI","Sri Lanka (Ceylon)"
780,"lka",-9999,9999,-9999,9999,780,524,"LKA","SRI","Sri Lanka (Ceylon)"
780,"srilanka",-9999,9999,-9999,9999,780,524,"LKA","SRI","Sri Lanka (Ceylon)"
780,"srilankaceylon",-9999,9999,-9999,9999,780,524,"LKA","SRI","Sri Lanka (Ceylon)"
781,"maldiveis",-9999,9999,-9999,9999,781,556,"MDV","MAD","Maldives"
781,"maldives",-9999,9999,-9999,9999,781,556,"MDV","MAD","Maldives"
781,"mdv",-9999,9999,-9999,9999,781,556,"MDV","MAD","Maldives"
790,"nepal",-9999,9999,-9999,9999,790,558,"NPL","NEP","Nepal"
790,"npl",-9999,9999,-9999,9999,790,558,"NPL","NEP","Nepal"
800,"siam",-9999,9999,-9999,9999,800,578,"THA","THI","Thailand"
800,"tha",-9999,9999,-9999,9999,800,578,"THA","THI","Thailand"
800,"thailand",-9999,9999,-9999,9999,800,578,"THA","THI","Thailand"
800,"thailandsiam",-9999,9999,-9999,9999,800,578,"THA","THI","Thailand"
811,"cambodia",-9999,9999,-9999,9999,811,522,"KHM","CAM","Cambodia (Kampuchea)"
811,"cambodiakampuchea",-9999,9999,-9999,9999,811,522,"KHM","CAM","Cambodia (Kampuchea)"
811,"kampuchea",-9999,9999,-9999,9999,811,522,"KHM","CAM","Cambodia (Kampuchea)"
811,"kampucheademocratic",-9999,9999,-9999,9999,811,522,"KHM","CAM","Cambodia (Kampuchea)"
811,"khm",-9999,9999,-9999,9999,811,522,"KHM","CAM","Cambodia (Kampuchea)"
811,"khmerrep",-9999,9999,-9999,9999,811,522,"KHM","CAM","Cambodia (Kampuchea)"
812,"laopeoplesdemrep",-9999,9999,-9999,9999,812,544,"LAO","LAO","Laos"
812,"lao",-9999,9999,-9999,9999,812,544,"LAO","LAO","Laos"
812,"laopdemrep",-9999,9999,-9999,9999,812,544,"LAO","LAO","Laos"
812,"laopdr",-9999,9999,-9999,9999,812,544,"LAO","LAO","Laos"
812,"laopeoplesdemocraticrepubl",-9999,9999,-9999,9999,812,544,"LAO","LAO","Laos"
812,"laopeoplesdemocraticrepublic",-9999,9999,-9999,9999,812,544,"LAO","LAO","Laos"
812,"laopeoplesdemocraticrepubliclaos",-9999,9999,-9999,9999,812,544,"LAO","LAO","Laos"
812,"laopeoplesdr",-9999,9999,-9999,9999,812,544,"LAO","LAO","Laos"
812,"laopeopleísdemrep",-9999,9999,-9999,9999,812,544,"LAO","LAO","Laos"
812,"laos",-9999,9999,-9999,9999,812,544,"LAO","LAO","Laos"
815,"democraticrepublicofvietnam",-9999,1953,-9999,9999,NA,NA,NA,"VNM","Vietnam (Annam/Cochin China/Tonkin)"
815,"nvietnam",-9999,1953,-9999,9999,NA,NA,NA,"VNM","Vietnam (Annam/Cochin China/Tonkin)"
815,"northvietnam",-9999,1953,-9999,9999,NA,NA,NA,"VNM","Vietnam (Annam/Cochin China/Tonkin)"
815,"vietnam",-9999,1953,-9999,9999,NA,NA,NA,"VNM","Vietnam (Annam/Cochin China/Tonkin)"
815,"vietnamannamcochinchinatonkin",-9999,1953,-9999,9999,NA,NA,NA,"VNM","Vietnam (Annam/Cochin China/Tonkin)"
815,"vietnamnorthvietnam",-9999,1953,-9999,9999,NA,NA,NA,"VNM","Vietnam (Annam/Cochin China/Tonkin)"
815,"vietnamunited",-9999,1953,-9999,9999,NA,NA,NA,"VNM","Vietnam (Annam/Cochin China/Tonkin)"
815,"vietnamdr",-9999,1953,-9999,9999,NA,NA,NA,"VNM","Vietnam (Annam/Cochin China/Tonkin)"
815,"vietnamnorth",-9999,1953,-9999,9999,NA,NA,NA,"VNM","Vietnam (Annam/Cochin China/Tonkin)"
815,"vietnamdemocraticrepublicof",-9999,1953,-9999,9999,NA,NA,NA,"VNM","Vietnam (Annam/Cochin China/Tonkin)"
815,"vietnamn",-9999,1953,-9999,9999,NA,NA,NA,"VNM","Vietnam (Annam/Cochin China/Tonkin)"
815,"vietnamsocialistrepublicof",-9999,1953,-9999,9999,NA,NA,NA,"VNM","Vietnam (Annam/Cochin China/Tonkin)"
815,"vietnmamdr",-9999,1953,-9999,9999,NA,NA,NA,"VNM","Vietnam (Annam/Cochin China/Tonkin)"
815,"vnm",-9999,1953,-9999,9999,NA,NA,NA,"VNM","Vietnam (Annam/Cochin China/Tonkin)"
816,"democraticrepublicofvietnam",1954,9999,-9999,9999,816,582,"VNM","DRV","Vietnam, Democratic Republic of"
816,"nvietnam",1954,9999,-9999,9999,816,582,"VNM","DRV","Vietnam, Democratic Republic of"
816,"northvietnam",1954,9999,-9999,9999,816,582,"VNM","DRV","Vietnam, Democratic Republic of"
816,"vietnam",1954,9999,-9999,9999,816,582,"VNM","DRV","Vietnam, Democratic Republic of"
816,"vietnamannamcochinchinatonkin",1954,9999,-9999,9999,816,582,"VNM","DRV","Vietnam, Democratic Republic of"
816,"vietnamnorthvietnam",1954,9999,-9999,9999,816,582,"VNM","DRV","Vietnam, Democratic Republic of"
816,"vietnamunited",1954,9999,-9999,9999,816,582,"VNM","DRV","Vietnam, Democratic Republic of"
816,"vietnamdr",1954,9999,-9999,9999,816,582,"VNM","DRV","Vietnam, Democratic Republic of"
816,"vietnamnorth",1954,9999,-9999,9999,816,582,"VNM","DRV","Vietnam, Democratic Republic of"
816,"vietnamdemocraticrepublicof",1954,9999,-9999,9999,816,582,"VNM","DRV","Vietnam, Democratic Republic of"
816,"vietnamn",1954,9999,-9999,9999,816,582,"VNM","DRV","Vietnam, Democratic Republic of"
816,"vietnamsocialistrepublicof",1954,9999,-9999,9999,816,582,"VNM","DRV","Vietnam, Democratic Republic of"
816,"vietnmamdr",1954,9999,-9999,9999,816,582,"VNM","DRV","Vietnam, Democratic Republic of"
816,"vnm",1954,9999,-9999,9999,816,582,"VNM","DRV","Vietnam, Democratic Republic of"
817,"republicofvietnam",1954,1975,-9999,9999,817,NA,NA,"RVN","Vietnam, Republic of"
817,"svietnam",1954,1975,-9999,9999,817,NA,NA,"RVN","Vietnam, Republic of"
817,"southvietnam",1954,1975,-9999,9999,817,NA,NA,"RVN","Vietnam, Republic of"
817,"vietnamrep",1954,1975,-9999,9999,817,NA,NA,"RVN","Vietnam, Republic of"
817,"vietnamsouth",1954,1975,-9999,9999,817,NA,NA,"RVN","Vietnam, Republic of"
817,"vietnamrepublicof",1954,1975,-9999,9999,817,NA,NA,"RVN","Vietnam, Republic of"
817,"vietnamrepublicofsouthvietnam",1954,1975,-9999,9999,817,NA,NA,"RVN","Vietnam, Republic of"
817,"vietnams",1954,1975,-9999,9999,817,NA,NA,"RVN","Vietnam, Republic of"
820,"fedmalaya",-9999,9999,-9999,9999,820,548,"MYS","MAL","Malaysia"
820,"malaysia",-9999,9999,-9999,9999,820,548,"MYS","MAL","Malaysia"
820,"malaysiamalaya",-9999,9999,-9999,9999,820,548,"MYS","MAL","Malaysia"
820,"malaysiawithoutsingapor",-9999,9999,-9999,9999,820,548,"MYS","MAL","Malaysia"
820,"mys",-9999,9999,-9999,9999,820,548,"MYS","MAL","Malaysia"
830,"sgp",-9999,9999,-9999,9999,830,576,"SGP","SIN","Singapore"
830,"singapore",-9999,9999,-9999,9999,830,576,"SGP","SIN","Singapore"
835,"brn",-9999,9999,-9999,9999,835,516,"BRN","BRU","Brunei"
835,"brunei",-9999,9999,-9999,9999,835,516,"BRN","BRU","Brunei"
835,"bruneidarussalam",-9999,9999,-9999,9999,835,516,"BRN","BRU","Brunei"
840,"philipines",-9999,9999,-9999,9999,840,566,"PHL","PHI","Philippines"
840,"philipp",-9999,9999,-9999,9999,840,566,"PHL","PHI","Philippines"
840,"philippi",-9999,9999,-9999,9999,840,566,"PHL","PHI","Philippines"
840,"philippines",-9999,9999,-9999,9999,840,566,"PHL","PHI","Philippines"
840,"phillippines",-9999,9999,-9999,9999,840,566,"PHL","PHI","Philippines"
840,"phl",-9999,9999,-9999,9999,840,566,"PHL","PHI","Philippines"
850,"idn",-9999,9999,-9999,9999,850,536,"IDN","INS","Indonesia"
850,"indonesia",-9999,9999,-9999,9999,850,536,"IDN","INS","Indonesia"
850,"indonesia2002",-9999,9999,-9999,9999,850,536,"IDN","INS","Indonesia"
850,"indonesiaincludingeasttimor",-9999,9999,-9999,9999,850,536,"IDN","INS","Indonesia"
860,"easttimor",-9999,9999,-9999,9999,860,537,"TMP","ETM","East Timor"
860,"easttimortimorleste",-9999,9999,-9999,9999,860,537,"TMP","ETM","East Timor"
860,"timor",-9999,9999,-9999,9999,860,537,"TMP","ETM","East Timor"
860,"timorleste",-9999,9999,-9999,9999,860,537,"TMP","ETM","East Timor"
860,"timorlesteeasttimor",-9999,9999,-9999,9999,860,537,"TMP","ETM","East Timor"
860,"timorlestedemrepof",-9999,9999,-9999,9999,860,537,"TMP","ETM","East Timor"
860,"tmp",-9999,9999,-9999,9999,860,537,"TMP","ETM","East Timor"
900,"aus",-9999,9999,-9999,9999,900,193,"AUS","AUL","Australia"
900,"australia",-9999,9999,-9999,9999,900,193,"AUS","AUL","Australia"
910,"pnguinea",-9999,9999,-9999,9999,910,853,"PNG","PNG","Papua New Guinea"
910,"pnguin",-9999,9999,-9999,9999,910,853,"PNG","PNG","Papua New Guinea"
910,"papnguinea",-9999,9999,-9999,9999,910,853,"PNG","PNG","Papua New Guinea"
910,"papnewguinea",-9999,9999,-9999,9999,910,853,"PNG","PNG","Papua New Guinea"
910,"papuang",-9999,9999,-9999,9999,910,853,"PNG","PNG","Papua New Guinea"
910,"papuanewg",-9999,9999,-9999,9999,910,853,"PNG","PNG","Papua New Guinea"
910,"papuanewguine",-9999,9999,-9999,9999,910,853,"PNG","PNG","Papua New Guinea"
910,"papuanewguinea",-9999,9999,-9999,9999,910,853,"PNG","PNG","Papua New Guinea"
910,"png",-9999,9999,-9999,9999,910,853,"PNG","PNG","Papua New Guinea"
920,"nzealand",-9999,9999,-9999,9999,920,196,"NZL","NEW","New Zealand"
920,"newzealand",-9999,9999,-9999,9999,920,196,"NZL","NEW","New Zealand"
920,"newzeland",-9999,9999,-9999,9999,920,196,"NZL","NEW","New Zealand"
920,"nzl",-9999,9999,-9999,9999,920,196,"NZL","NEW","New Zealand"
935,"vanuatu",-9999,9999,-9999,9999,935,846,"VUT","VAN","Vanuatu"
935,"vut",-9999,9999,-9999,9999,935,846,"VUT","VAN","Vanuatu"
940,"slb",-9999,9999,-9999,9999,940,813,"SLB","SOL","Solomon Islands"
940,"solomon",-9999,9999,-9999,9999,940,813,"SLB","SOL","Solomon Islands"
940,"solomonis",-9999,9999,-9999,9999,940,813,"SLB","SOL","Solomon Islands"
940,"solomonisland",-9999,9999,-9999,9999,940,813,"SLB","SOL","Solomon Islands"
940,"solomonislands",-9999,9999,-9999,9999,940,813,"SLB","SOL","Solomon Islands"
950,"figi",-9999,9999,-9999,9999,950,819,"FJI","FJI","Fiji"
950,"fiji",-9999,9999,-9999,9999,950,819,"FJI","FJI","Fiji"
950,"fji",-9999,9999,-9999,9999,950,819,"FJI","FJI","Fiji"
970,"kir",-9999,9999,-9999,9999,946,826,"KIR","KBI","Kiribati"
970,"kiribati",-9999,9999,-9999,9999,946,826,"KIR","KBI","Kiribati"
971,"nauru",-9999,9999,-9999,9999,970,836,NA,"NAU","Nauru"
971,"nru",-9999,9999,-9999,9999,970,836,NA,"NAU","Nauru"
972,"ton",-9999,9999,-9999,9999,955,866,"TON","TON","Tonga"
972,"tonga",-9999,9999,-9999,9999,955,866,"TON","TON","Tonga"
973,"tuv",-9999,9999,-9999,9999,947,869,"TUV","TUV","Tuvalu"
973,"tuvalu",-9999,9999,-9999,9999,947,869,"TUV","TUV","Tuvalu"
983,"marshallis",-9999,9999,-9999,9999,983,867,"MHL","MSI","Marshall Islands"
983,"marshallislan",-9999,9999,-9999,9999,983,867,"MHL","MSI","Marshall Islands"
983,"marshallislands",-9999,9999,-9999,9999,983,867,"MHL","MSI","Marshall Islands"
983,"marshallislandsrepublicof",-9999,9999,-9999,9999,983,867,"MHL","MSI","Marshall Islands"
983,"mhl",-9999,9999,-9999,9999,983,867,"MHL","MSI","Marshall Islands"
986,"pal",-9999,9999,-9999,9999,986,565,"PLW","PAL","Palau"
986,"palau",-9999,9999,-9999,9999,986,565,"PLW","PAL","Palau"
987,"federatedstatesofmicronesia",-9999,9999,-9999,9999,987,868,NA,"FSM","Federated States of Micronesia"
987,"fsm",-9999,9999,-9999,9999,987,868,NA,"FSM","Federated States of Micronesia"
987,"micronesia",-9999,9999,-9999,9999,987,868,NA,"FSM","Federated States of Micronesia"
987,"micronesiafedstatesof",-9999,9999,-9999,9999,987,868,NA,"FSM","Federated States of Micronesia"
987,"micronesiafederatedstatesof",-9999,9999,-9999,9999,987,868,NA,"FSM","Federated States of Micronesia"
987,"micronesiafedstates",-9999,9999,-9999,9999,987,868,NA,"FSM","Federated States of Micronesia"
987,"micronesiafedstat",-9999,9999,-9999,9999,987,868,NA,"FSM","Federated States of Micronesia"
987,"micronesiafedsts",-9999,9999,-9999,9999,987,868,NA,"FSM","Federated States of Micronesia"
987,"micronesiafederalstatesof",-9999,9999,-9999,9999,987,868,NA,"FSM","Federated States of Micronesia"
990,"samoa",-9999,9999,-9999,9999,990,862,"WSM","WSM","Samoa/Western Samoa"
990,"samoawestern",-9999,9999,-9999,9999,990,862,"WSM","WSM","Samoa/Western Samoa"
990,"samoawesternsamoa",-9999,9999,-9999,9999,990,862,"WSM","WSM","Samoa/Western Samoa"
990,"wsamoa",-9999,9999,-9999,9999,990,862,"WSM","WSM","Samoa/Western Samoa"
990,"westernsamoa",-9999,9999,-9999,9999,990,862,"WSM","WSM","Samoa/Western Samoa"
990,"westnsamoa",-9999,9999,-9999,9999,990,862,"WSM","WSM","Samoa/Western Samoa"
990,"wsm",-9999,9999,-9999,9999,990,862,"WSM","WSM","Samoa/Western Samoa"
NA,"abw",-9999,9999,-9999,9999,NA,NA,NA,NA,NA
NA,"aia",-9999,9999,-9999,9999,NA,NA,NA,NA,NA
NA,"anguilla",-9999,9999,-9999,9999,NA,NA,NA,NA,NA
NA,"ant",-9999,9999,-9999,9999,NA,NA,NA,NA,NA
NA,"aruba",-9999,9999,-9999,9999,NA,NA,NA,NA,NA
NA,"cyprusturkey",-9999,9999,-9999,9999,NA,NA,NA,NA,NA
NA,"cyprusturkishnorth",-9999,9999,-9999,9999,NA,NA,NA,NA,NA
NA,"montserrat",-9999,9999,-9999,9999,NA,NA,NA,NA,NA
NA,"msr",-9999,9999,-9999,9999,NA,NA,NA,NA,NA
NA,"netherlandsantilles",-9999,9999,-9999,9999,NA,NA,NA,NA,NA
NA,"turkcyprus",-9999,9999,-9999,9999,NA,NA,NA,NA,NA
NA,"vaticancity",-9999,9999,-9999,9999,NA,NA,NA,NA,NA
2,"usofa",-9999,9999,-9999,9999,2,111,"USA","USA","United States of America"
404,"guineabissaau",-9999,9999,-9999,9999,404,654,"GNB","GNB","Guinea-Bissau"
343,"northmacedonia",-9999,9999,-9999,9999,343,962,"MKD","MAC","Macedonia (Former Yugoslav Republic of)"
680,"yemenaden",-9999,9999,-9999,9999,680,NA,"YMD","YPR","Yemen, People's Republic of"
680,"republicofsouthernyemen",-9999,9999,-9999,9999,680,NA,"YMD","YPR","Yemen, People's Republic of"
678,"yemenunited",-9999,1990,-9999,9999,678,459,"YEM","YEM","Yemen (Arab Republic of Yemen)"
678,"yemenunited",1991,9999,-9999,9999,679,474,"YEM","YEM","Yemen (Arab Republic of Yemen)"
265,"egermany",1946,1990,-9999,9999,265,NA,"DDR","GDR","German Democratic Republic"
245,"bavariaelect",-9999,9999,-9999,9999,245,NA,NA,"BAV","Bavaria"
484,"congobrazz",-9999,9999,-9999,9999,484,634,"COG","CON","Congo"
42,"domrepublic",-9999,9999,-9999,9999,42,243,"DOM","DOM","Dominican Republic"
860,"etimor",-9999,9999,-9999,9999,860,537,"TMP","ETM","East Timor"
343,"fyromacedonia",-9999,9999,-9999,9999,343,962,"MKD","MAC","Macedonia (Former Yugoslav Republic of)"
273,"hesseelect",-9999,9999,-9999,9999,273,NA,NA,"HSE","Hesse-Kassel (Electoral)"
275,"hessegrand",-9999,9999,-9999,9999,275,NA,NA,"HSD","Hesse-Darmstadt (Ducal)"
731,"nokorea",1948,9999,-9999,9999,731,954,"PRK","PRK","Korea, People's Republic of"
678,"nyemen",-9999,1990,-9999,9999,678,459,"YEM","YEM","Yemen (Arab Republic of Yemen)"
678,"nyemen",1991,9999,-9999,9999,679,474,"YEM","YEM","Yemen (Arab Republic of Yemen)"
732,"sokorea",1948,9999,-9999,9999,732,542,"KOR","ROK","Korea, Republic of"
626,"sosudan",2011,9999,-9999,9999,626,733,NA,"SSD","South Sudan"
260,"wgermany",1946,1990,-9999,9999,260,134,"DEU","GFR","German Federal Republic"
260,"wgermany",1991,9999,-9999,9999,255,134,"DEU","GFR","German Federal Republic"
271,"wurtenburg",-9999,9999,-9999,9999,271,NA,NA,"WRT","Württemberg"
340,"yugoslaviaserb",1830,1917,2007,9999,345,942,"SRB","SER","Serbia"
345,"yugoslaviaserb",1918,2006,-9999,9999,345,188,"YSR","YUG","Yugoslavia"
987,"micronesiafs",-9999,9999,-9999,9999,987,868,NA,"FSM","Federated States of Micronesia"
60,"stkitts",-9999,9999,-9999,9999,60,361,"KNA","SKN","Saint Kitts and Nevis"
572,"eswatini",-9999,9999,-9999,9999,572,734,"SWZ","SWA","Swaziland"
731,"koreapeoplesrepublicof",1948,9999,-9999,9999,731,954,"PRK","PRK","Korea, People's Republic of"
265,"macedoniafyromnorthmacedonia",1946,1990,-9999,9999,265,NA,"DDR","GDR","German Democratic Republic"
572,"swazilandeswatini",-9999,9999,-9999,9999,572,734,"SWZ","SWA","Swaziland"
732,"korea",1948,9999,-9999,9999,732,542,"KOR","ROK","Korea, Republic of"
200,"britain",-9999,9999,-9999,9999,200,112,"GBR","UKG","United Kingdom"
200,"england",-9999,9999,-9999,9999,200,112,"GBR","UKG","United Kingdom"
640,"türkyie",-9999,9999,-9999,9999,640,186,"TUR","TUR","Turkey (Ottoman Empire)"
670,"saudiar",-9999,9999,-9999,9999,670,456,"SAU","SAU","Saudi Arabia"
255,"germanyprussia",1816,1945,-9999,9999,255,NA,NA,"GMY","Germany (Prussia)"
732,"republicofkorea",1948,9999,-9999,9999,732,542,"KOR","ROK","Korea, Republic of"
732,"republicofkore",1948,9999,-9999,9999,732,542,"KOR","ROK","Korea, Republic of"
815,"vietnamannamcochinchinatonkin",-9999,1953,-9999,9999,NA,NA,NA,"VNM","Vietnam (Annam/Cochin China/Tonkin)"
816,"vietnamannamcochinchinatonkin",1954,9999,-9999,9999,816,582,"VNM","DRV","Vietnam, Democratic Republic of"
815,"vietnamannamcochinchinatonkin",-9999,1953,-9999,9999,NA,NA,NA,"VNM","Vietnam (Annam/Cochin China/Tonkin)"
816,"vietnamannamcochinchinatonkin",1954,9999,-9999,9999,816,582,"VNM","DRV","Vietnam, Democratic Republic of"
490,"congodemrepofthe",-9999,9999,-9999,9999,490,636,"ZAR","DRC","Congo, Democratic Republic of (Zaire)"
531,"eritreathestateof",-9999,9999,-9999,9999,531,643,"ERI","ERI","Eritrea"
570,"lesothokingdomof",-9999,9999,-9999,9999,570,666,"LSO","LES","Lesotho"
490,"congodemrepofthe",-9999,9999,-9999,9999,490,636,"ZAR","DRC","Congo, Democratic Republic of (Zaire)"
531,"eritreathestateof",-9999,9999,-9999,9999,531,643,"ERI","ERI","Eritrea"
570,"lesothokingdomof",-9999,9999,-9999,9999,570,666,"LSO","LES","Lesotho"
580,"madagascarrepof",-9999,9999,-9999,9999,580,674,"MDG","MAG","Madagascar"
403,"sãotoméandpríncipedemrepof",-9999,9999,-9999,9999,403,716,"STP","STP","São Tomé and Principe"
626,"southsudanrepof",2011,9999,-9999,9999,626,733,NA,"SSD","South Sudan"
704,"uzbekistanrepof",-9999,9999,-9999,9999,704,927,"UZB","UZB","Uzbekistan"
680,"yemenrepof",-9999,9999,-9999,9999,680,NA,"YMD","YPR","Yemen, People's Republic of"
371,"armeniarepof",1991,9999,-9999,9999,371,911,"ARM","ARM","Armenia"
370,"belarusrepof",-9999,9999,-9999,9999,370,913,"BLR","BLR","Belarus (Byelorussia)"
344,"croatiarepof",-9999,9999,-9999,9999,344,960,"HRV","CRO","Croatia"
366,"estoniarepof",-9999,9999,-9999,9999,366,939,"EST","EST","Estonia"
366,"estoniarepof",-9999,9999,-9999,9999,366,939,"EST","EST","Estonia"
950,"fijirepof",-9999,9999,-9999,9999,950,819,"FJI","FJI","Fiji"
705,"kazakhstanrepof",-9999,9999,-9999,9999,705,916,"KAZ","KZK","Kazakhstan"
347,"kosovorepof",-9999,9999,-9999,9999,347,967,"KSV","KOS","Kosovo"
541,"mozambiquerepof",-9999,9999,-9999,9999,541,688,"MOZ","MZM","Mozambique"
343,"northmacedoniarepublicof",-9999,9999,-9999,9999,343,962,"MKD","MAC","Macedonia (Former Yugoslav Republic of)"
986,"palaurepof",-9999,9999,-9999,9999,986,565,"PLW","PAL","Palau"
290,"polandrepof",-9999,9999,-9999,9999,290,964,"POL","POL","Poland"
349,"sloveniarepof",-9999,9999,-9999,9999,349,961,"SVN","SLV","Slovenia"
702,"tajikistanrepof",-9999,9999,-9999,9999,702,923,"TJK","TAJ","Tajikistan"
101,"venezuelarepbolivarianade",-9999,9999,-9999,9999,101,299,"VEN","VEN","Venezuela"
700,"afghanistanislamicrepof",-9999,9999,-9999,9999,700,512,"AFG","AFG","Afghanistan"
651,"egyptarabrepof",-9999,9999,-9999,9999,651,469,"EGY","EGY","Egypt"
411,"equatorialguinearepof",-9999,9999,-9999,9999,411,642,"GNQ","EQG","Equatorial Guinea"
531,"eritreathestateof",-9999,9999,-9999,9999,531,643,"ERI","ERI","Eritrea"
530,"ethiopiathefederaldemrepof",-9999,9999,-9999,9999,530,644,"ETH","ETH","Ethiopia"
435,"mauritaniaislamicrepof",-9999,9999,-9999,9999,435,682,"MRT","MAA","Mauritania"
490,"congodemrepofthe",-9999,9999,-9999,9999,490,636,"ZAR","DRC","Congo, Democratic Republic of (Zaire)"
531,"eritreathestateof",-9999,9999,-9999,9999,531,643,"ERI","ERI","Eritrea"
570,"lesothokingdomof",-9999,9999,-9999,9999,570,666,"LSO","LES","Lesotho"
580,"madagascarrepof",-9999,9999,-9999,9999,580,674,"MDG","MAG","Madagascar"
403,"sãotoméandpríncipedemrepof",-9999,9999,-9999,9999,403,716,"STP","STP","São Tomé and Principe"
626,"southsudanrepof",2011,9999,-9999,9999,626,733,NA,"SSD","South Sudan"
704,"uzbekistanrepof",-9999,9999,-9999,9999,704,927,"UZB","UZB","Uzbekistan"
680,"yemenrepof",-9999,9999,-9999,9999,680,NA,"YMD","YPR","Yemen, People's Republic of"
371,"armeniarepof",1991,9999,-9999,9999,371,911,"ARM","ARM","Armenia"
370,"belarusrepof",-9999,9999,-9999,9999,370,913,"BLR","BLR","Belarus (Byelorussia)"
344,"croatiarepof",-9999,9999,-9999,9999,344,960,"HRV","CRO","Croatia"
366,"estoniarepof",-9999,9999,-9999,9999,366,939,"EST","EST","Estonia"
950,"fijirepof",-9999,9999,-9999,9999,950,819,"FJI","FJI","Fiji"
705,"kazakhstanrepof",-9999,9999,-9999,9999,705,916,"KAZ","KZK","Kazakhstan"
347,"kosovorepof",-9999,9999,-9999,9999,347,967,"KSV","KOS","Kosovo"
541,"mozambiquerepof",-9999,9999,-9999,9999,541,688,"MOZ","MZM","Mozambique"
343,"northmacedoniarepublicof",-9999,9999,-9999,9999,343,962,"MKD","MAC","Macedonia (Former Yugoslav Republic of)"
986,"palaurepof",-9999,9999,-9999,9999,986,565,"PLW","PAL","Palau"
290,"polandrepof",-9999,9999,-9999,9999,290,964,"POL","POL","Poland"
349,"sloveniarepof",-9999,9999,-9999,9999,349,961,"SVN","SLV","Slovenia"
702,"tajikistanrepof",-9999,9999,-9999,9999,702,923,"TJK","TAJ","Tajikistan"
101,"venezuelarepbolivarianade",-9999,9999,-9999,9999,101,299,"VEN","VEN","Venezuela"
700,"afghanistanislamicrepof",-9999,9999,-9999,9999,700,512,"AFG","AFG","Afghanistan"
651,"egyptarabrepof",-9999,9999,-9999,9999,651,469,"EGY","EGY","Egypt"
411,"equatorialguinearepof",-9999,9999,-9999,9999,411,642,"GNQ","EQG","Equatorial Guinea"
530,"ethiopiathefederaldemrepof",-9999,9999,-9999,9999,530,644,"ETH","ETH","Ethiopia"
435,"mauritaniaislamicrepof",-9999,9999,-9999,9999,435,682,"MRT","MAA","Mauritania"
815,"vietnamannamcochinchinatonkin",-9999,1953,-9999,9999,NA,NA,NA,"VNM","Vietnam (Annam/Cochin China/Tonkin)"
816,"vietnamannamcochinchinatonkin",1954,9999,-9999,9999,816,582,"VNM","DRV","Vietnam, Democratic Republic of"
731,"koreademocraticpeoplesrepublicofnorthkorea",1948,9999,-9999,9999,731,954,"PRK","PRK","Korea, People's Republic of"
